topic-id,hypothetical_document
1,"The emergence of COVID-19, caused by the novel coronavirus SARS-CoV-2, has prompted extensive investigation into its origins to understand its zoonotic transmission and potential pathways for future outbreaks. Phylogenetic analyses indicate that SARS-CoV-2 is closely related to coronaviruses found in bats, particularly the RaTG13 strain, suggesting a bat origin. However, the exact intermediary host facilitating the spillover to humans remains elusive, with pangolins and other wildlife proposed as potential candidates. The receptor-binding domain of the spike protein of SARS-CoV-2 exhibits a unique affinity for the human angiotensin-converting enzyme 2 (ACE2), which may have facilitated its adaptation to human hosts. Epidemiological studies have traced the initial outbreak to a seafood market in Wuhan, China, highlighting the role of environmental factors and human-animal interactions in viral transmission. Understanding the origins of SARS-CoV-2 is critical for developing effective surveillance strategies and preventive measures against future zoonotic diseases. Continued research into the evolutionary dynamics and ecological contexts of coronaviruses is essential to mitigate the risk of similar pandemics."
2,"Background: The emergence of coronaviruses, particularly SARS-CoV-2, has raised significant concerns regarding their transmission dynamics and environmental stability. Understanding the influence of meteorological factors on viral persistence and infectivity is crucial for public health strategies. 

Mechanism/Evidence: Recent studies indicate that temperature, humidity, and ultraviolet (UV) radiation significantly affect the stability of coronaviruses in the environment. Elevated temperatures and increased humidity have been associated with reduced viral viability on surfaces, while UV radiation can inactivate the virus through direct damage to its RNA. Furthermore, seasonal variations in weather patterns may influence human behavior and social interactions, thereby impacting transmission rates.

Clinical Relevance: The interplay between weather conditions and coronavirus transmission has implications for epidemic forecasting and control measures. For instance, understanding the seasonal patterns of viral spread can inform public health interventions, such as vaccination campaigns and social distancing guidelines, particularly during peak transmission seasons.

Conclusion: The response of coronaviruses to weather changes underscores the importance of integrating environmental factors into epidemiological models. Continued research is essential to elucidate the complex interactions between meteorological variables and viral dynamics, ultimately aiding in the development of effective public health strategies to mitigate the impact of future coronavirus outbreaks."
3,"Background: The emergence of SARS-CoV-2 has raised critical questions regarding the development of immunity in infected individuals and the potential for cross-protection against other coronaviruses. Understanding the immunological response to SARS-CoV-2 is essential for informing public health strategies and vaccine development.

Mechanism / Evidence: Following infection with SARS-CoV-2, the host immune system mounts a robust response characterized by the activation of both humoral and cellular immunity. Neutralizing antibodies targeting the spike protein have been identified as key mediators of protection, with studies demonstrating that these antibodies can persist for several months post-infection. Additionally, T-cell responses, particularly CD4+ and CD8+ T cells, have been shown to play a crucial role in controlling viral replication and facilitating recovery. Emerging evidence suggests that prior exposure to other coronaviruses, such as those causing common colds, may confer some degree of cross-reactive immunity, potentially enhancing the immune response to SARS-CoV-2.

Clinical relevance: The implications of these findings are significant, as they suggest that individuals previously infected with SARS-CoV-2 may possess a degree of immunity that could reduce the severity of reinfection. Furthermore, the potential for cross-protection raises questions about the long-term efficacy of vaccines and the need for ongoing surveillance of immune responses in diverse populations.

Conclusion: In summary, SARS-CoV-2 infection elicits a multifaceted immune response that may provide lasting immunity and potential cross-protection against related coronaviruses. Continued research is essential to elucidate the durability of this immunity and its implications for public health and vaccine strategies."
4,"Background: The COVID-19 pandemic, caused by the severe acute respiratory syndrome coronavirus 2 (SARS-CoV-2), has resulted in significant morbidity and mortality worldwide. Understanding the mechanisms underlying mortality in COVID-19 is crucial for developing effective therapeutic strategies. 

Mechanism: The pathophysiology of COVID-19-related death is multifactorial, primarily involving acute respiratory distress syndrome (ARDS), cytokine storm, and thromboembolic events. SARS-CoV-2 infects host cells via the angiotensin-converting enzyme 2 (ACE2) receptor, leading to direct viral cytopathic effects and subsequent immune dysregulation. The resultant hyperinflammatory response, characterized by elevated levels of pro-inflammatory cytokines such as interleukin-6 (IL-6) and tumor necrosis factor-alpha (TNF-α), contributes to tissue damage and multi-organ failure. Additionally, the virus has been associated with coagulopathy, resulting in venous thromboembolism and pulmonary embolism, which further complicate the clinical picture.

Clinical relevance: Patients with comorbidities, including obesity, diabetes, and cardiovascular disease, exhibit heightened susceptibility to severe outcomes. Biomarkers such as D-dimer, C-reactive protein (CRP), and lymphocyte counts have been identified as prognostic indicators of disease severity and mortality risk.

Conclusion: The interplay of viral pathogenesis, immune response, and pre-existing health conditions culminates in the high mortality observed in severe COVID-19 cases. Continued research into these mechanisms is essential for improving patient outcomes and informing public health strategies."
5,"Background: The emergence of SARS-CoV-2 has necessitated the exploration of therapeutic agents to mitigate COVID-19 severity and transmission. Animal models have been pivotal in elucidating the pathophysiology of SARS-CoV-2 and evaluating potential pharmacological interventions. 

Mechanism / Evidence: Recent studies utilizing various animal models, including hamsters, mice, and non-human primates, have demonstrated the efficacy of several antiviral agents against SARS-CoV and SARS-CoV-2. Notably, remdesivir, a nucleotide analog, has shown significant antiviral activity by inhibiting viral RNA polymerase, leading to reduced viral load and improved clinical outcomes. Additionally, monoclonal antibodies such as casirivimab and imdevimab have been effective in neutralizing the virus, thereby preventing severe disease progression. Other agents, including favipiravir and molnupiravir, have also exhibited antiviral properties, with mechanisms involving inhibition of viral replication.

Clinical relevance: The findings from these animal studies have informed clinical trials and therapeutic guidelines, underscoring the importance of preclinical research in the development of effective COVID-19 treatments. The identification of biomarkers associated with treatment response further enhances the potential for personalized medicine approaches in managing COVID-19.

Conclusion: The ongoing investigation of antiviral drugs in animal models continues to provide critical insights into the therapeutic landscape for COVID-19, highlighting the need for further research to optimize treatment strategies and improve patient outcomes."
6,"Background: The emergence of SARS-CoV-2 has necessitated the rapid development of diagnostic testing modalities to facilitate timely identification and management of COVID-19. Among these, rapid testing has gained prominence due to its potential for immediate results and ease of use in various settings. 

Mechanism/Evidence: Rapid tests for COVID-19 primarily fall into two categories: antigen-based tests and molecular tests, such as reverse transcription loop-mediated isothermal amplification (RT-LAMP). Antigen tests detect specific viral proteins, providing results within minutes, while molecular tests amplify viral RNA, offering higher sensitivity and specificity albeit with longer turnaround times. Recent studies have demonstrated that antigen tests, while less sensitive than PCR-based methods, can effectively identify infectious individuals, particularly during peak viral load periods. 

Clinical Relevance: The implementation of rapid testing has significant implications for public health strategies, enabling swift isolation of positive cases and contact tracing efforts. Furthermore, the accessibility of these tests in community settings enhances surveillance capabilities and supports the safe reopening of societies.

Conclusion: The ongoing evolution of rapid testing technologies for COVID-19 underscores their critical role in managing the pandemic. Continued validation and optimization of these tests are essential to ensure their reliability and effectiveness in diverse populations and settings."
7,"Background: The emergence of coronaviruses, particularly SARS-CoV-2, has necessitated the development of serological tests to detect antibodies as a means of assessing immune response and potential exposure. These tests play a crucial role in epidemiological studies and the management of public health strategies.

Mechanism / Evidence: Serological assays, including enzyme-linked immunosorbent assays (ELISA) and lateral flow immunoassays, have been developed to identify antibodies against specific viral proteins, such as the spike (S) and nucleocapsid (N) proteins. These assays utilize recombinant antigens to elicit an immune response, allowing for the detection of immunoglobulin M (IgM) and immunoglobulin G (IgG) antibodies. Studies have demonstrated varying sensitivities and specificities among different serological tests, with some assays showing a correlation between antibody presence and prior infection or vaccination status.

Clinical relevance: The identification of antibodies through serological testing is pivotal for understanding population-level immunity, guiding vaccine deployment, and informing recovery strategies for individuals post-infection. Furthermore, serological tests can aid in the identification of asymptomatic carriers and contribute to the assessment of herd immunity.

Conclusion: Serological tests for coronavirus antibodies are essential tools in the ongoing response to the COVID-19 pandemic, providing valuable insights into immune dynamics and informing public health interventions. Continued validation and standardization of these assays are necessary to enhance their reliability and utility in clinical and epidemiological settings."
8,"Background: The COVID-19 pandemic has highlighted significant challenges in accurately assessing the incidence of SARS-CoV-2 infections, particularly due to limitations in testing availability. Underreporting of cases has profound implications for public health responses and epidemiological modeling. 

Mechanism: Insufficient access to diagnostic testing, driven by supply chain disruptions, regulatory hurdles, and resource allocation disparities, has resulted in a substantial proportion of asymptomatic and mild cases remaining undetected. The reliance on polymerase chain reaction (PCR) and serological assays, coupled with variable testing strategies across different regions, has further exacerbated the discrepancies in reported incidence rates. 

Clinical relevance: The underreporting of COVID-19 cases has significant ramifications for healthcare systems, influencing the allocation of resources, the implementation of containment measures, and the overall understanding of disease transmission dynamics. Moreover, it complicates the identification of high-risk populations and the evaluation of vaccine efficacy, thereby hindering effective public health interventions.

Conclusion: Addressing the gaps in testing availability is crucial for obtaining a more accurate representation of COVID-19 incidence. Enhanced testing strategies, including rapid antigen tests and increased accessibility, are essential to mitigate underreporting and inform evidence-based public health policies."
9,"Background: The COVID-19 pandemic, caused by the severe acute respiratory syndrome coronavirus 2 (SARS-CoV-2), has profoundly impacted public health systems globally, with Canada experiencing significant epidemiological and socio-economic consequences. 

Mechanism / Evidence: The transmission dynamics of SARS-CoV-2 in Canada have been characterized by multiple waves, influenced by factors such as population density, mobility patterns, and public health interventions. Genomic surveillance has revealed the emergence of various variants of concern, including the Alpha, Beta, and Delta variants, which have demonstrated increased transmissibility and potential resistance to neutralization by antibodies. Clinical manifestations of COVID-19 range from asymptomatic cases to severe respiratory distress, with a notable burden on healthcare resources, particularly in urban centers. Biomarkers such as C-reactive protein and D-dimer have been associated with disease severity, aiding in risk stratification and management.

Clinical relevance: The pandemic has exacerbated existing health disparities, with marginalized populations experiencing higher rates of infection and mortality. Vaccination campaigns have been pivotal in mitigating severe outcomes, yet vaccine hesitancy remains a challenge. 

Conclusion: The multifaceted impact of COVID-19 in Canada underscores the need for ongoing surveillance, equitable healthcare access, and targeted public health strategies to address both immediate and long-term consequences of the pandemic."
10,"Background: The COVID-19 pandemic, caused by the severe acute respiratory syndrome coronavirus 2 (SARS-CoV-2), has necessitated the implementation of public health measures, including social distancing, to mitigate viral transmission. Understanding the efficacy of these interventions is critical for informing future pandemic responses.

Mechanism / Evidence: Social distancing measures, defined as maintaining physical separation between individuals, aim to reduce the rate of person-to-person transmission of respiratory pathogens. Epidemiological models and observational studies have demonstrated a significant correlation between the enforcement of social distancing protocols and a reduction in the basic reproduction number (R0) of SARS-CoV-2. Data from various regions indicate that adherence to social distancing guidelines has led to a marked decrease in new infection rates, hospitalizations, and mortality associated with COVID-19.

Clinical relevance: The implementation of social distancing has not only contributed to the immediate control of viral spread but has also influenced healthcare resource allocation, allowing for better management of COVID-19 cases and minimizing the burden on healthcare systems. Furthermore, the psychological and social implications of prolonged distancing measures necessitate ongoing evaluation to balance public health needs with mental well-being.

Conclusion: In summary, social distancing has proven to be an effective public health strategy in slowing the spread of COVID-19, underscoring the importance of such measures in controlling infectious disease outbreaks. Continued research is essential to optimize these interventions and address their broader societal impacts."
11,"Background: The COVID-19 pandemic has necessitated the implementation of hospital rationing protocols to manage the surge of patients requiring intensive care. The ethical and clinical challenges associated with triaging patients infected with the coronavirus have prompted the development of guidelines aimed at optimizing resource allocation while minimizing mortality.

Mechanism / Evidence: Current triage frameworks are informed by a combination of clinical criteria, including the severity of respiratory distress, comorbidities, and overall prognosis. Evidence suggests that the use of scoring systems, such as the Sequential Organ Failure Assessment (SOFA) and the Acute Physiology and Chronic Health Evaluation (APACHE), can aid in stratifying patients based on their likelihood of survival. Additionally, the incorporation of biomarkers such as C-reactive protein (CRP) and D-dimer levels has been proposed to enhance decision-making processes.

Clinical relevance: The implementation of standardized triage guidelines is crucial in ensuring equitable access to care, particularly in resource-limited settings. Ethical considerations, including the prioritization of younger patients and those with better functional status, must be balanced against the principles of justice and fairness in healthcare delivery.

Conclusion: As the pandemic evolves, continuous evaluation and adaptation of triage protocols are essential to address the dynamic challenges posed by COVID-19, ensuring that clinical decisions are grounded in both scientific evidence and ethical frameworks."
12,"Background: The COVID-19 pandemic has necessitated the implementation of quarantine measures to mitigate viral transmission. Understanding best practices for maintaining effective quarantine protocols in both hospital and home settings is crucial for controlling outbreaks and protecting public health. 

Mechanism / Evidence: Quarantine serves as a critical intervention to limit exposure to SARS-CoV-2, the virus responsible for COVID-19. Evidence suggests that adherence to strict isolation guidelines, including the use of personal protective equipment (PPE), environmental decontamination, and symptom monitoring, significantly reduces the risk of secondary infections. In hospital settings, designated isolation units equipped with negative pressure rooms and specialized ventilation systems are essential for managing infected patients. At home, effective quarantine practices include the separation of symptomatic individuals from other household members, the use of dedicated bathrooms, and the implementation of hygiene protocols such as frequent handwashing and surface disinfection.

Clinical relevance: The successful execution of quarantine measures is associated with decreased transmission rates and improved patient outcomes. Furthermore, understanding the psychological impact of quarantine on individuals and families is vital for developing supportive interventions that promote adherence to guidelines.

Conclusion: Comprehensive strategies for maintaining quarantine in both hospital and home environments are imperative for controlling the spread of COVID-19. Continued research into the optimization of these practices will enhance public health responses to current and future infectious disease outbreaks."
13,"Background: The coronavirus disease 2019 (COVID-19), caused by the severe acute respiratory syndrome coronavirus 2 (SARS-CoV-2), has emerged as a global pandemic, necessitating a comprehensive understanding of its transmission routes to inform public health strategies. 

Mechanism/Evidence: SARS-CoV-2 primarily spreads through respiratory droplets generated when an infected individual coughs, sneezes, talks, or breathes. These droplets can directly enter the mucosal surfaces of a susceptible host, facilitating viral entry via angiotensin-converting enzyme 2 (ACE2) receptors. Additionally, aerosol transmission has been documented, where smaller particles remain suspended in the air for extended periods, posing a risk in enclosed spaces with inadequate ventilation. Fomite transmission, although less common, occurs through contact with contaminated surfaces, followed by self-inoculation of mucosal membranes. Recent studies have also indicated the potential for gastrointestinal and fecal-oral transmission, highlighting the virus's multifaceted routes of spread.

Clinical Relevance: Understanding these transmission dynamics is crucial for developing effective preventive measures, including mask mandates, social distancing guidelines, and surface disinfection protocols. Furthermore, the identification of asymptomatic carriers underscores the importance of widespread testing and contact tracing in controlling outbreaks.

Conclusion: The multifactorial transmission pathways of SARS-CoV-2 necessitate a comprehensive approach to public health interventions, emphasizing the need for continued research to elucidate the nuances of viral spread and inform future pandemic preparedness."
14,"Background: The emergence of SARS-CoV-2 has highlighted the phenomenon of super spreaders, individuals who disproportionately contribute to the transmission of infectious diseases. Understanding the mechanisms underlying super spreading events is crucial for effective public health interventions.

Mechanism / Evidence: Recent studies have identified several factors that contribute to super spreading in the context of COVID-19. These include high viral loads, prolonged infectious periods, and specific social behaviors that facilitate close contact. Genetic predispositions, such as variations in ACE2 receptor expression, may also play a role in enhancing susceptibility to severe infection and increased transmissibility. Epidemiological data indicate that super spreader events often occur in enclosed environments, such as religious gatherings, social events, and workplaces, where adherence to preventive measures may be lax.

Clinical relevance: Identifying super spreaders is essential for targeted interventions, as they can significantly amplify outbreaks. Biomarkers such as viral load quantification and serological responses may aid in predicting super spreading potential. Furthermore, understanding the social and environmental contexts of super spreader events can inform public health strategies aimed at reducing transmission.

Conclusion: The identification and characterization of COVID-19 super spreaders are critical for mitigating the spread of the virus. Enhanced surveillance and tailored public health measures are necessary to address the unique challenges posed by these individuals in the ongoing pandemic."
15,"Background: The survival of coronaviruses outside the human body is a critical factor in understanding their transmission dynamics and potential for environmental contamination. SARS-CoV-2, the virus responsible for COVID-19, has garnered significant attention regarding its stability on various surfaces.

Mechanism / Evidence: Studies have demonstrated that SARS-CoV-2 can remain viable on plastic and stainless steel surfaces for up to 72 hours, while its persistence on cardboard is notably shorter, approximately 24 hours. The virus's stability is influenced by environmental conditions such as temperature, humidity, and the nature of the surface material. Viral RNA has been detected on surfaces long after infectious virus particles are no longer viable, complicating the assessment of transmission risk. The presence of viral proteins and the integrity of the viral envelope are critical determinants of the virus's longevity outside the host.

Clinical relevance: Understanding the duration of SARS-CoV-2 viability on surfaces is essential for implementing effective infection control measures in healthcare settings and public spaces. This knowledge aids in the development of guidelines for disinfection protocols and informs public health strategies to mitigate the spread of the virus.

Conclusion: The extended viability of SARS-CoV-2 on various surfaces underscores the importance of rigorous hygiene practices and environmental decontamination to reduce the risk of fomite transmission, thereby contributing to the overall control of COVID-19 outbreaks."
16,"Background: The stability of coronaviruses on surfaces is a critical factor in understanding their transmission dynamics and informing public health interventions. Recent studies have indicated that environmental conditions significantly influence the viability of SARS-CoV-2, the virus responsible for COVID-19, on various materials.

Mechanism / Evidence: Experimental data demonstrate that SARS-CoV-2 can remain infectious on plastic and stainless steel surfaces for up to 72 hours, while its stability on cardboard is notably reduced, with a half-life of approximately 24 hours. Factors such as temperature, humidity, and the presence of organic matter have been shown to modulate viral persistence. Specifically, higher temperatures and increased humidity levels correlate with a decrease in viral stability, suggesting that environmental conditions play a pivotal role in the virus's survival.

Clinical relevance: Understanding the duration of viral stability on surfaces is essential for developing effective disinfection protocols and mitigating the risk of fomite transmission in healthcare settings and community environments. This knowledge aids in the formulation of guidelines for personal protective equipment and surface sanitation practices.

Conclusion: The persistence of SARS-CoV-2 on surfaces underscores the importance of rigorous hygiene measures in controlling the spread of COVID-19. Continued research is necessary to elucidate the mechanisms underlying viral stability and to refine strategies for infection prevention."
17,"Background: The emergence of severe acute respiratory syndrome coronavirus 2 (SARS-CoV-2) has precipitated a global pandemic, necessitating urgent research into effective therapeutic interventions. Clinical trials have become pivotal in evaluating the safety and efficacy of various pharmacological agents and vaccines against COVID-19.

Mechanism / Evidence: A comprehensive review of ongoing clinical trials registered on platforms such as ClinicalTrials.gov reveals a diverse array of investigational therapies targeting multiple aspects of the viral life cycle and host immune response. These include antiviral agents, monoclonal antibodies, and immunomodulators, each designed to mitigate viral replication or enhance host defense mechanisms. Notably, trials assessing the efficacy of repurposed drugs, such as remdesivir and dexamethasone, have provided critical insights into treatment protocols, while vaccine trials have demonstrated varying degrees of immunogenicity and safety profiles.

Clinical relevance: The results from these trials are instrumental in shaping clinical guidelines and public health policies. The rapid advancement of vaccine candidates, including mRNA and viral vector platforms, has underscored the importance of adaptive trial designs in responding to emerging variants of concern.

Conclusion: Ongoing clinical trials continue to elucidate the therapeutic landscape for COVID-19, offering hope for improved patient outcomes. Continued monitoring and analysis of trial data are essential to inform clinical practice and public health strategies in the context of this evolving pandemic."
18,"Background: The COVID-19 pandemic, caused by the severe acute respiratory syndrome coronavirus 2 (SARS-CoV-2), has necessitated the evaluation of various personal protective equipment (PPE) strategies, particularly face masks, in mitigating viral transmission. Mechanisms of transmission primarily involve respiratory droplets and aerosols, underscoring the importance of effective barrier methods.

Methods: This review synthesizes current evidence regarding the efficacy of different mask types, including surgical masks, N95 respirators, and cloth masks, in reducing the inhalation and exhalation of viral particles. Studies indicate that N95 respirators provide superior filtration efficiency, capturing at least 95% of airborne particles, while surgical masks offer moderate protection through their multi-layered design, which filters both droplets and aerosols. Cloth masks, although less effective, can still reduce transmission when constructed with multiple layers and appropriate materials.

Clinical Relevance: The implementation of high-filtration masks, particularly in high-risk settings, is crucial for healthcare workers and vulnerable populations. Furthermore, community-wide mask mandates have been associated with significant reductions in COVID-19 incidence rates, highlighting the role of masks in public health strategies.

Conclusion: While N95 respirators are the gold standard for individual protection against SARS-CoV-2, a combination of mask types, along with adherence to other preventive measures, is essential for comprehensive infection control. Continued research is warranted to optimize mask design and usage guidelines in the context of evolving viral variants."
19,"Background: The COVID-19 pandemic, caused by the severe acute respiratory syndrome coronavirus 2 (SARS-CoV-2), has necessitated the implementation of effective infection control measures, including hand hygiene. Alcohol-based hand sanitizers have emerged as critical tools in mitigating viral transmission. 

Mechanism: The efficacy of hand sanitizers against SARS-CoV-2 is primarily attributed to their active ingredients, specifically ethanol and isopropanol, which disrupt the viral lipid bilayer, leading to viral inactivation. Studies indicate that formulations containing at least 60% ethanol or 70% isopropanol are optimal for achieving rapid virucidal activity. The mechanism involves the denaturation of viral proteins and the disruption of the viral envelope, which is essential for the virus's infectivity.

Clinical Relevance: The World Health Organization (WHO) and the Centers for Disease Control and Prevention (CDC) recommend the use of alcohol-based hand sanitizers as a supplementary measure to handwashing, particularly in settings where soap and water are unavailable. The presence of additional agents, such as glycerol, can enhance skin tolerance but should not compromise the alcohol concentration necessary for virucidal efficacy.

Conclusion: In summary, hand sanitizers with a minimum alcohol concentration of 60% ethanol or 70% isopropanol are effective in inactivating SARS-CoV-2, thereby serving as a vital component in public health strategies aimed at controlling the spread of COVID-19. Further research is warranted to explore the long-term effects of frequent sanitizer use on skin health and microbial resistance."
20,"Background: The emergence of coronavirus disease 2019 (COVID-19) has raised concerns regarding the impact of chronic medications, particularly angiotensin-converting enzyme inhibitors (ACEi), on disease susceptibility and outcomes. ACEi are widely prescribed for hypertension and heart failure, and their role in modulating the renin-angiotensin system (RAS) has prompted investigation into their potential influence on COVID-19 pathophysiology.

Mechanism/Evidence: ACEi may upregulate angiotensin-converting enzyme 2 (ACE2), the receptor utilized by severe acute respiratory syndrome coronavirus 2 (SARS-CoV-2) for cellular entry. This upregulation has led to hypotheses suggesting that patients on ACEi could exhibit increased susceptibility to SARS-CoV-2 infection. However, emerging evidence indicates that ACE2 may exert protective effects against lung injury and inflammation, potentially mitigating the severity of COVID-19.

Clinical Relevance: Recent observational studies have yielded conflicting results regarding the association between ACEi use and COVID-19 risk. While some studies suggest a potential increase in infection rates among ACEi users, others indicate no significant correlation or even a reduced risk of severe outcomes. These discrepancies underscore the need for further investigation into the complex interplay between ACEi therapy, RAS modulation, and COVID-19 pathophysiology.

Conclusion: Current evidence does not definitively support the notion that ACEi therapy increases the risk of COVID-19 infection. Ongoing research is essential to elucidate the implications of ACEi on COVID-19 susceptibility and outcomes, ensuring informed clinical decision-making for patients with cardiovascular comorbidities during the pandemic."
21,"Background: The emergence of coronaviruses, particularly SARS-CoV-2, has led to a global pandemic with significant morbidity and mortality. Understanding the mortality rates associated with COVID-19 is crucial for public health planning and resource allocation. 

Mechanism / Evidence: Recent epidemiological studies indicate that the overall mortality rate of COVID-19 varies widely, influenced by factors such as age, sex, comorbidities, and healthcare access. Meta-analyses reveal that the case fatality rate (CFR) is approximately 2-3% in the general population, with stark increases in older adults and individuals with underlying health conditions such as cardiovascular disease, diabetes, and obesity. Specific populations, including the elderly and those in long-term care facilities, exhibit mortality rates exceeding 20%. Furthermore, disparities in healthcare systems and socioeconomic status contribute to variations in mortality across different regions and demographics.

Clinical relevance: Identifying high-risk populations is essential for targeted interventions, vaccination strategies, and resource allocation. The integration of biomarkers such as inflammatory cytokines and D-dimer levels may enhance risk stratification and prognostication in affected individuals.

Conclusion: The mortality associated with COVID-19 is multifactorial, necessitating a nuanced understanding of demographic and clinical variables. Continued surveillance and research are imperative to mitigate the impact of future coronavirus outbreaks and improve patient outcomes."
22,"Background: The COVID-19 pandemic, caused by the severe acute respiratory syndrome coronavirus 2 (SARS-CoV-2), has been associated with a spectrum of cardiovascular complications, raising concerns regarding the long-term cardiac sequelae in affected patients. Mechanisms underlying these complications may involve direct viral invasion of cardiac tissue, systemic inflammation, and dysregulation of the renin-angiotensin-aldosterone system (RAAS).

Evidence: Recent studies have demonstrated that patients with COVID-19 exhibit elevated levels of cardiac biomarkers, including troponin and B-type natriuretic peptide (BNP), indicative of myocardial injury and stress. Autopsy findings have revealed viral RNA presence in cardiac myocytes, suggesting a potential direct cytopathic effect. Additionally, the inflammatory response characterized by elevated cytokines, such as interleukin-6 (IL-6) and C-reactive protein (CRP), may contribute to myocarditis and acute coronary syndromes in this population.

Clinical relevance: The incidence of cardiac complications, including arrhythmias, heart failure, and thromboembolic events, has been reported to be significantly higher in patients with severe COVID-19, particularly among those with pre-existing cardiovascular conditions. These findings underscore the necessity for vigilant cardiovascular monitoring in COVID-19 patients, especially in those presenting with respiratory distress.

Conclusion: Cardiac complications are likely in patients with COVID-19, necessitating further investigation into the underlying mechanisms and long-term implications for cardiovascular health in survivors of this viral infection."
23,"Background: The COVID-19 pandemic has revealed a complex interplay between severe acute respiratory syndrome coronavirus 2 (SARS-CoV-2) infection and pre-existing comorbidities, particularly hypertension. Hypertension is a prevalent condition that may exacerbate the severity of COVID-19 and contribute to a range of complications. 

Mechanism/Evidence: Emerging evidence suggests that the angiotensin-converting enzyme 2 (ACE2) receptor, which serves as the entry point for SARS-CoV-2, is downregulated in hypertensive patients, potentially leading to an imbalance in the renin-angiotensin system. This dysregulation may enhance vascular permeability, promote inflammation, and increase the risk of thromboembolic events. Clinical studies have reported that hypertensive patients with COVID-19 are at a higher risk for acute respiratory distress syndrome (ARDS), myocardial injury, and acute kidney injury, which are associated with increased morbidity and mortality.

Clinical relevance: The presence of hypertension in COVID-19 patients necessitates vigilant monitoring for cardiovascular and renal complications. Biomarkers such as troponin, B-type natriuretic peptide (BNP), and inflammatory cytokines may aid in risk stratification and management of these patients.

Conclusion: Hypertension significantly complicates the clinical course of COVID-19, underscoring the need for targeted therapeutic strategies and comprehensive management approaches to mitigate the associated risks in this vulnerable population."
24,"Background: The COVID-19 pandemic has revealed significant associations between SARS-CoV-2 infection and the exacerbation of pre-existing metabolic disorders, particularly diabetes mellitus. Individuals with diabetes are at an increased risk for severe COVID-19 outcomes, which may be attributed to underlying pathophysiological mechanisms.

Mechanism / Evidence: Hyperglycemia and insulin resistance, hallmarks of diabetes, can impair immune function, leading to an exaggerated inflammatory response upon viral infection. The presence of comorbidities such as obesity and cardiovascular disease further complicates the clinical picture, as these conditions are prevalent in diabetic patients and are associated with increased susceptibility to severe respiratory complications. Additionally, emerging evidence suggests that COVID-19 may induce new-onset diabetes through mechanisms involving cytokine storms, pancreatic beta-cell dysfunction, and alterations in glucose metabolism.

Clinical relevance: Complications associated with COVID-19 in diabetic patients include acute respiratory distress syndrome (ARDS), thromboembolic events, and secondary infections, which collectively contribute to higher morbidity and mortality rates. Furthermore, the management of diabetes during and after COVID-19 infection poses unique challenges, necessitating tailored therapeutic strategies to mitigate risks.

Conclusion: Understanding the intricate relationship between COVID-19 and diabetes is crucial for optimizing patient care and developing targeted interventions. Continued research is essential to elucidate the long-term implications of COVID-19 on glycemic control and the potential for increased incidence of diabetes post-infection."
25,"Background: The emergence of the novel coronavirus SARS-CoV-2 has led to a global pandemic, with a subset of infected individuals progressing to severe disease characterized by acute respiratory distress syndrome (ARDS) and multi-organ failure. Identifying biomarkers that predict the severity of COVID-19 is crucial for early intervention and management.

Mechanism/Evidence: Recent studies have highlighted several biomarkers associated with severe COVID-19 outcomes. Elevated levels of inflammatory cytokines, such as interleukin-6 (IL-6) and tumor necrosis factor-alpha (TNF-α), have been correlated with hyperinflammation and cytokine storm phenomena, which are pivotal in the pathophysiology of severe disease. Additionally, lymphopenia, characterized by reduced lymphocyte counts, has been identified as a significant predictor of poor prognosis. Other biomarkers, including D-dimer, C-reactive protein (CRP), and ferritin, have also shown associations with thromboembolic events and systemic inflammation, further complicating the clinical picture.

Clinical Relevance: The identification of these biomarkers not only aids in risk stratification but also informs therapeutic strategies, such as the use of corticosteroids and monoclonal antibodies targeting specific inflammatory pathways. 

Conclusion: In summary, a combination of inflammatory markers, lymphocyte counts, and coagulation parameters can serve as valuable predictors of severe clinical outcomes in COVID-19 patients, facilitating timely clinical decision-making and resource allocation in healthcare settings. Further research is warranted to validate these findings and explore their potential for guiding personalized treatment approaches."
26,"Background: The emergence of SARS-CoV-2, the virus responsible for COVID-19, has necessitated a comprehensive understanding of its clinical presentation, particularly the early symptoms that may facilitate timely diagnosis and intervention. 

Mechanism / Evidence: Initial studies have identified a spectrum of early symptoms associated with COVID-19, which may vary significantly among individuals. Commonly reported early manifestations include fever, cough, fatigue, and myalgia, with anosmia and ageusia emerging as distinctive features. The pathophysiological mechanisms underlying these symptoms are thought to involve viral entry through ACE2 receptors, leading to respiratory epithelial cell damage and subsequent inflammatory responses. Additionally, the dysregulation of the immune response may contribute to the systemic symptoms observed in early infection.

Clinical relevance: Recognizing these early symptoms is crucial for effective triage and management of suspected cases, as they can overlap with other respiratory infections. Furthermore, the identification of specific biomarkers associated with these symptoms may enhance diagnostic accuracy and inform public health strategies.

Conclusion: Understanding the early symptomatology of COVID-19 is essential for improving clinical outcomes and mitigating transmission. Continued research is warranted to elucidate the full spectrum of early symptoms and their underlying mechanisms, which may inform future therapeutic approaches and preventive measures."
27,"Background: Asymptomatic SARS-CoV-2 infection has emerged as a critical factor in the transmission dynamics of COVID-19, complicating public health responses. Understanding the mechanisms underlying asymptomatic infection is essential for effective management and prevention strategies.

Mechanism/Evidence: Recent studies have elucidated that asymptomatic individuals often exhibit a robust innate immune response, characterized by elevated levels of type I interferons and a rapid activation of natural killer cells. These immune mechanisms may limit viral replication and dissemination, thereby preventing the onset of clinical symptoms. Furthermore, genomic analyses have identified specific host genetic factors that may confer resistance to symptomatic disease, including polymorphisms in immune-related genes. Notably, asymptomatic carriers can still harbor viral loads comparable to symptomatic patients, raising concerns regarding their role in community transmission.

Clinical Relevance: The presence of asymptomatic individuals poses significant challenges for epidemiological modeling and contact tracing efforts. Biomarkers such as specific cytokine profiles and T-cell responses may serve as potential indicators for identifying asymptomatic carriers, facilitating targeted interventions.

Conclusion: Asymptomatic SARS-CoV-2 infection underscores the complexity of COVID-19 pathophysiology and highlights the necessity for continued research into immune responses and transmission dynamics. Enhanced understanding of these mechanisms is vital for developing effective public health strategies and therapeutic interventions."
28,"Background: The emergence of SARS-CoV-2, the virus responsible for COVID-19, has prompted extensive investigation into potential therapeutic agents, including hydroxychloroquine (HCQ), an antimalarial and immunomodulatory drug. Initial in vitro studies suggested that HCQ could inhibit viral entry and replication, leading to its rapid adoption in clinical settings.

Mechanism / Evidence: Hydroxychloroquine exerts its antiviral effects through the alkalinization of endosomes, which may impede the fusion of the virus with host cells. However, subsequent clinical trials have yielded mixed results regarding its efficacy in reducing morbidity and mortality associated with COVID-19. Notably, randomized controlled trials, such as the RECOVERY trial and the SOLIDARITY trial, demonstrated no significant benefit of HCQ in hospitalized patients, while observational studies reported variable outcomes, often confounded by methodological limitations.

Clinical relevance: The lack of robust evidence supporting the use of hydroxychloroquine in COVID-19 treatment has led to its de-escalation in clinical guidelines. Furthermore, concerns regarding potential adverse effects, including cardiotoxicity and drug interactions, underscore the necessity for cautious application of HCQ in this context.

Conclusion: Current evidence does not support the routine use of hydroxychloroquine for the treatment of COVID-19, highlighting the importance of continued research into effective antiviral therapies and the need for evidence-based clinical practice."
29,"Background: The emergence of SARS-CoV-2 has necessitated urgent exploration of therapeutic strategies, particularly through drug repurposing. Understanding the interactions between viral proteins and human host proteins is critical for identifying potential drug targets. 

Mechanism/Evidence: Recent proteomic analyses have elucidated key interactions between SARS-CoV-2 proteins, such as the spike (S) and nucleocapsid (N) proteins, and various human proteins involved in cellular pathways, including ACE2, TMPRSS2, and the host immune response mediators. Notably, the interaction of the viral S protein with ACE2 facilitates viral entry, while the N protein's association with host transcription factors may modulate immune responses. High-throughput screening of existing drug libraries has revealed several approved medications, including protease inhibitors and antiviral agents, that can disrupt these critical interactions.

Clinical Relevance: The identification of these protein-protein interactions not only highlights potential therapeutic targets but also supports the repurposing of existing drugs, such as remdesivir and lopinavir/ritonavir, which may mitigate viral replication and enhance host immune responses.

Conclusion: Targeting the identified SARS-CoV-2-human protein interactions presents a promising avenue for drug repurposing, potentially accelerating the development of effective therapies against COVID-19. Further clinical investigations are warranted to validate these findings and optimize treatment protocols."
30,"Background: Remdesivir, a nucleotide analog prodrug, has garnered attention as a potential antiviral agent against SARS-CoV-2, the virus responsible for COVID-19. Its mechanism of action involves the inhibition of viral RNA-dependent RNA polymerase, thereby disrupting viral replication. 

Methods: Clinical trials have evaluated the efficacy of remdesivir in various cohorts of COVID-19 patients, particularly those with moderate to severe disease. The Adaptive COVID-19 Treatment Trial (ACTT-1) demonstrated a statistically significant reduction in time to recovery among hospitalized patients treated with remdesivir compared to placebo. 

Results: The findings indicated that remdesivir administration was associated with a decrease in the duration of hospitalization and an improvement in clinical outcomes, particularly in patients requiring supplemental oxygen. However, the impact on mortality rates remains inconclusive, with some studies suggesting no significant difference in overall survival compared to standard care.

Conclusion: While remdesivir has shown promise as a therapeutic option for COVID-19, particularly in the early stages of disease, its role as a standalone treatment is limited. Further research is warranted to elucidate its efficacy in combination with other antiviral agents and to identify biomarkers that may predict response to therapy."
31,"Background: Coronaviruses and influenza viruses are both significant pathogens responsible for respiratory infections, yet they exhibit distinct biological and clinical characteristics. The emergence of SARS-CoV-2 has heightened the need to delineate the differences between these viral infections.

Mechanism/Evidence: Coronaviruses, particularly SARS-CoV-2, utilize the angiotensin-converting enzyme 2 (ACE2) receptor for cellular entry, leading to a unique pathophysiological response characterized by a hyper-inflammatory state and potential for severe acute respiratory distress syndrome (ARDS). In contrast, influenza viruses primarily bind to sialic acid receptors on epithelial cells, resulting in a different immune response that typically involves a more rapid onset of symptoms and a shorter duration of illness. Molecular studies have shown that coronaviruses possess a larger RNA genome, allowing for complex mechanisms of immune evasion, including the modulation of host interferon responses.

Clinical Relevance: Clinically, COVID-19 presents with a broader spectrum of symptoms, including anosmia and gastrointestinal manifestations, compared to the more classic respiratory symptoms associated with influenza. Additionally, the potential for asymptomatic transmission and prolonged viral shedding in COVID-19 poses unique public health challenges.

Conclusion: Understanding the fundamental differences in the mechanisms and clinical presentations of coronavirus and influenza is crucial for developing targeted therapeutic strategies and public health interventions to mitigate the impact of these viral infections."
32,"Background: Severe acute respiratory syndrome coronavirus 2 (SARS-CoV-2), the etiological agent of COVID-19, has undergone significant genetic evolution since its emergence in late 2019. Understanding the subtypes of SARS-CoV-2 is crucial for elucidating its transmission dynamics, pathogenicity, and vaccine efficacy. 

Mechanism / Evidence: Phylogenetic analyses have identified multiple lineages of SARS-CoV-2, with notable subtypes classified under the PANGO lineage system. Variants of concern (VOCs), such as Alpha (B.1.1.7), Beta (B.1.351), Gamma (P.1), and Delta (B.1.617.2), exhibit mutations in the spike protein that enhance transmissibility and may confer partial resistance to neutralizing antibodies. These mutations, particularly in the receptor-binding domain, facilitate increased binding affinity to the angiotensin-converting enzyme 2 (ACE2) receptor, thereby enhancing viral entry into host cells.

Clinical relevance: The emergence of these subtypes has significant implications for public health, as they are associated with altered clinical features, increased severity of disease, and challenges in vaccine-induced immunity. Surveillance of these variants is essential for informing therapeutic strategies and public health interventions.

Conclusion: The identification and characterization of SARS-CoV-2 subtypes underscore the virus's adaptive potential and necessitate ongoing genomic surveillance to mitigate the impact of COVID-19 and inform future vaccine development."
33,"Background: The emergence of severe acute respiratory syndrome coronavirus 2 (SARS-CoV-2) has necessitated the rapid development of effective vaccine candidates to mitigate the global COVID-19 pandemic. Various platforms, including mRNA, viral vector, protein subunit, and inactivated virus vaccines, are under investigation to elicit robust immune responses against SARS-CoV-2.

Mechanism/Evidence: Current vaccine candidates, such as mRNA-1273 (Moderna) and BNT162b2 (Pfizer-BioNTech), utilize lipid nanoparticle-encapsulated mRNA to encode the spike protein of SARS-CoV-2, promoting the production of neutralizing antibodies and T-cell responses. Viral vector vaccines, exemplified by ChAdOx1-S (AstraZeneca), employ a replication-deficient adenovirus to deliver the spike protein gene, stimulating both humoral and cellular immunity. Additionally, protein subunit vaccines, like NVX-CoV2373 (Novavax), present recombinant spike proteins alongside adjuvants to enhance immunogenicity.

Clinical relevance: Preliminary clinical trials have demonstrated varying degrees of efficacy, safety profiles, and immunogenicity across these candidates, with mRNA vaccines showing the highest efficacy rates in preventing symptomatic COVID-19. Ongoing studies are assessing long-term immunity, variant responses, and booster strategies to address waning immunity and emerging variants.

Conclusion: The diverse array of vaccine candidates under evaluation highlights the multifaceted approach required to combat COVID-19. Continued research is essential to optimize vaccine strategies and ensure global access to effective immunization against SARS-CoV-2."
34,"Background: The COVID-19 pandemic, caused by the severe acute respiratory syndrome coronavirus 2 (SARS-CoV-2), has led to significant morbidity and mortality worldwide. While acute respiratory symptoms are well-documented, the longer-term complications in individuals recovering from COVID-19, often referred to as ""long COVID,"" remain an area of active investigation. 

Mechanism/Evidence: Emerging evidence suggests that post-acute sequelae of SARS-CoV-2 infection may involve a multifactorial pathophysiology, including persistent viral reservoirs, immune dysregulation, and endothelial dysfunction. Studies have identified a range of symptoms persisting beyond the acute phase, including fatigue, cognitive impairment, dyspnea, and cardiovascular complications. Biomarkers such as elevated inflammatory cytokines, autoantibodies, and persistent viral RNA have been associated with these prolonged symptoms, indicating a potential link between immune response and long-term sequelae.

Clinical Relevance: The recognition of these complications is crucial for healthcare providers, as they may significantly impact the quality of life and functional status of recovered patients. Understanding the spectrum of post-COVID conditions is essential for developing targeted rehabilitation strategies and monitoring protocols.

Conclusion: Long-term complications following COVID-19 recovery represent a significant public health concern, necessitating ongoing research to elucidate underlying mechanisms and optimize management strategies for affected individuals."
35,"Background: The COVID-19 pandemic has necessitated the rapid generation and dissemination of public datasets to facilitate research and inform public health responses. As the pandemic evolves, the availability of comprehensive and high-quality datasets is crucial for understanding the virus's transmission dynamics, clinical manifestations, and long-term sequelae. 

Mechanism / Evidence: Recent initiatives have led to the establishment of several new public datasets, including the COVID-19 Open Research Dataset (CORD-19), which aggregates literature and data on SARS-CoV-2, and the COVID-19 Data Repository by the Center for Systems Science and Engineering (CSSE) at Johns Hopkins University, which provides real-time global case statistics. Additionally, the National Institutes of Health (NIH) has launched the COVID-19 Research Database, which includes genomic, clinical, and epidemiological data from diverse populations. These datasets are enriched with metadata, allowing for advanced analytics and machine learning applications to uncover patterns in viral spread and host response.

Clinical relevance: The integration of these datasets into research frameworks enhances the ability to identify biomarkers associated with disease severity, evaluate therapeutic interventions, and inform vaccine development strategies. Furthermore, they support epidemiological modeling and public health decision-making.

Conclusion: The expansion of public datasets related to COVID-19 represents a significant advancement in the collective effort to combat the pandemic. Continued collaboration and data sharing among researchers will be essential to leverage these resources effectively and address the ongoing challenges posed by SARS-CoV-2."
36,"The spike (S) protein of SARS-CoV-2 is a critical determinant of viral entry and pathogenesis, serving as the primary target for neutralizing antibodies and vaccine development. The S protein is a class I fusion protein that mediates the fusion of the viral envelope with the host cell membrane, facilitating viral entry. Structural studies utilizing cryo-electron microscopy and X-ray crystallography have elucidated the prefusion conformation of the S protein, revealing a trimeric structure composed of S1 and S2 subunits. The S1 subunit contains the receptor-binding domain (RBD), which specifically interacts with the angiotensin-converting enzyme 2 (ACE2) receptor on host cells, a critical step in the viral entry process. Post-translational modifications, including glycosylation, play a significant role in stabilizing the spike structure and modulating immune recognition. Variants of concern, such as Delta and Omicron, exhibit mutations within the RBD that enhance binding affinity to ACE2 and may confer resistance to neutralization by antibodies. Understanding the structural dynamics of the SARS-CoV-2 spike protein is essential for the design of effective therapeutics and vaccines, as it directly influences viral infectivity and immune evasion. Continued research into the spike protein's structure-function relationship will provide insights into the ongoing evolution of SARS-CoV-2 and inform public health strategies."
37,"Background: The emergence of SARS-CoV-2, the etiological agent of COVID-19, has prompted extensive genomic surveillance to understand its evolutionary dynamics and transmission patterns. Phylogenetic analysis of the viral genome is crucial for elucidating the genetic diversity and potential mutations that may influence pathogenicity and vaccine efficacy.

Methods: In this study, we performed a comprehensive phylogenetic analysis of SARS-CoV-2 sequences obtained from diverse geographical regions. Utilizing advanced bioinformatics tools, we constructed a maximum likelihood phylogenetic tree based on the complete genome sequences, focusing on key genomic regions associated with viral replication and host interaction.

Results: Our analysis revealed significant genetic variation among SARS-CoV-2 strains, with distinct clades correlating with specific geographic outbreaks. Notably, mutations in the spike protein, particularly the D614G variant, were prevalent and associated with increased transmissibility. Additionally, we identified several novel lineages that emerged during the pandemic, underscoring the virus's adaptive potential.

Clinical relevance: Understanding the phylogenetic relationships among SARS-CoV-2 variants is essential for tracking transmission dynamics, informing public health strategies, and guiding vaccine development. The identification of specific mutations may also serve as biomarkers for monitoring viral evolution and assessing the effectiveness of therapeutic interventions.

Conclusion: Phylogenetic analysis of SARS-CoV-2 genomes provides critical insights into the virus's evolutionary trajectory, highlighting the need for ongoing genomic surveillance to mitigate the impact of emerging variants on global health."
38,"Background: The inflammatory response in COVID-19, caused by the severe acute respiratory syndrome coronavirus 2 (SARS-CoV-2), plays a pivotal role in the pathogenesis of the disease, contributing to both acute respiratory distress syndrome (ARDS) and systemic complications. Mechanisms underlying this response involve a complex interplay between viral replication, host immune response, and dysregulation of inflammatory mediators.

Mechanism/Evidence: Upon SARS-CoV-2 entry into host cells via the angiotensin-converting enzyme 2 (ACE2) receptor, viral replication triggers the release of pro-inflammatory cytokines, including interleukin-6 (IL-6), tumor necrosis factor-alpha (TNF-α), and interleukin-1 beta (IL-1β). This cytokine storm leads to hyperactivation of immune cells, particularly macrophages and T lymphocytes, resulting in tissue damage and exacerbation of pulmonary inflammation. Additionally, the activation of the NLRP3 inflammasome has been implicated in the pathophysiological processes, further amplifying the inflammatory cascade.

Clinical relevance: The severity of the inflammatory response correlates with clinical outcomes, including the development of ARDS and multi-organ dysfunction. Biomarkers such as C-reactive protein (CRP) and ferritin have emerged as prognostic indicators of disease severity, aiding in risk stratification and therapeutic decision-making.

Conclusion: Understanding the mechanisms of the inflammatory response in COVID-19 is crucial for developing targeted therapeutic strategies aimed at modulating the immune response, potentially improving clinical outcomes in affected patients. Further research is warranted to elucidate the long-term implications of this dysregulated inflammatory response."
39,"Background: The COVID-19 pandemic, caused by the severe acute respiratory syndrome coronavirus 2 (SARS-CoV-2), has been associated with a hyper-inflammatory response known as cytokine storm syndrome (CSS). This phenomenon is characterized by an uncontrolled release of pro-inflammatory cytokines, leading to severe tissue damage and multi-organ dysfunction.

Mechanism: The pathophysiology of CSS in COVID-19 involves the dysregulation of the immune response, where the viral infection triggers an exaggerated activation of immune cells, including macrophages and T lymphocytes. Key cytokines such as interleukin-6 (IL-6), interleukin-1 beta (IL-1β), and tumor necrosis factor-alpha (TNF-α) are released in excess, resulting in a cascade of inflammatory responses. This hypercytokinemia contributes to endothelial dysfunction, increased vascular permeability, and subsequent acute respiratory distress syndrome (ARDS), which is a leading cause of morbidity and mortality in COVID-19 patients.

Clinical relevance: The identification of specific biomarkers associated with cytokine storm, such as elevated levels of ferritin and C-reactive protein (CRP), has significant implications for risk stratification and therapeutic interventions. Targeting the inflammatory pathways through the use of corticosteroids and monoclonal antibodies has shown promise in mitigating the severity of CSS and improving clinical outcomes.

Conclusion: Understanding the mechanisms underlying cytokine storm in COVID-19 is crucial for developing effective therapeutic strategies. Continued research into the immunopathology of this syndrome may lead to novel interventions that can reduce the burden of severe disease and enhance recovery in affected individuals."
40,"Background: The emergence of severe acute respiratory syndrome coronavirus 2 (SARS-CoV-2) has prompted extensive genomic surveillance to elucidate the mutational landscape of the virus. Understanding the frequency and nature of these mutations is critical for assessing their potential impact on transmissibility, virulence, and vaccine efficacy. 

Mechanism / Evidence: Recent studies have identified several key mutations within the SARS-CoV-2 genome, particularly in the spike protein, which is crucial for viral entry into host cells. Notable variants, such as D614G, N501Y, and E484K, have been associated with increased infectivity and altered receptor binding affinity. The mutation rate of SARS-CoV-2 is estimated to be approximately 1.1 × 10^-6 substitutions per site per year, with certain lineages exhibiting accelerated mutation rates due to selective pressures from host immune responses and therapeutic interventions.

Clinical relevance: The identification of these mutations has significant implications for public health, as they may influence the effectiveness of neutralizing antibodies generated by natural infection or vaccination. Continuous monitoring of viral genomic changes is essential for informing vaccine updates and therapeutic strategies.

Conclusion: The dynamic nature of SARS-CoV-2 mutations underscores the necessity for ongoing genomic surveillance to mitigate the impact of emerging variants on global health outcomes. Understanding the mechanisms underlying these mutations will be pivotal in guiding future research and public health policies."
