topic-id,cord-id
1,dv9m19yk
1,4dtk1kyh
1,gv1k7u7j
1,u7u75sl0
1,1mjaycee
1,bawgldfi
1,3wt04p0w
1,4ilpph77
1,rwsfw1ei
1,m6akijzn
1,s9gje0pz
1,utsr0zv7
1,rvr86c6c
1,zknmfgsh
1,j99cgsjt
1,wmfcey6f
1,6foz003n
1,24yavi1w
1,lfndq85x
1,73xil5op
1,hsowmxan
1,pyeb86on
1,77umyxt3
1,whflvae3
1,tku1dr32
1,0paafp5j
1,96zsd27n
1,p0kv1pht
1,apc0lm5e
1,rge5wxka
1,hrdfyd8h
1,jkejiuf2
1,sbp18486
1,z14rf85c
1,hfkzu18p
1,8z0ti0dx
1,3uvuo4sf
1,zd7smm8r
1,kqqantwg
1,12dcftwt
1,4fb291hq
1,kn2z7lho
1,qzt5vwge
1,pauzgepm
1,6dbt99h0
1,8ccl9aui
1,a7w6lael
1,yn8nzezq
1,gr9l1uja
1,fnj57b0l
1,fofr17c8
1,fw4pmaoc
1,47pszpgp
1,52kqp9yw
1,wesrv44a
1,h8ahn8fw
1,hrdfyd8h
1,hl967ekh
1,igw288oj
1,cnxybwfb
1,beguhous
1,v9f5jck9
1,v6dfel3l
1,k2sz4tn2
1,wuegn0jg
1,ur4eua83
1,tj4deqfw
1,sbswy7el
1,t3upqa3a
1,gy8d8285
1,vs6ev73e
1,fcp766qu
1,l2t64714
1,2054tkb7
1,o44ewpfy
1,n8e2n30b
1,4uaa6kpg
1,es7q6c90
1,1e28zj1d
1,ne5r4d4b
1,sigbm70i
1,30j0auua
1,fybo3ltn
1,w7hezm6e
1,ec8lpgl3
1,8ybfiz8f
1,z98g08y5
1,dk3yn65n
1,ekbi2fg9
1,a7kfxrl1
1,u7tz6xzz
1,ectly1v4
1,no3etlvi
1,q5inrxcm
1,c6yrtwq9
1,c6yrtwq9
1,rs76sfjr
1,9mxvbf17
1,eyitkr3s
1,e3wjo0yk
2,526elsrf
2,h5ufxzv9
2,kftchnhz
2,w67cryfp
2,hr3vkjh3
2,og0zw56h
2,2p9j4ksy
2,lv8dvdp7
2,1llox90t
2,5g0almil
2,esfvjz3j
2,exqza1kg
2,r1yjphnn
2,nzz852lx
2,ynvw6i4t
2,3svnvozz
2,eoykmhv3
2,fj3a2y1o
2,y08iot2a
2,ghesbyfr
2,jxa9h27b
2,skkpkqw6
2,4ry9b68l
2,o0iqeab6
2,rnn8wr50
2,hra8otj5
2,39yvniki
2,zvngy7zz
2,r9scxa76
2,t4k5csgy
2,q9ab1pji
2,jjdtuofy
2,w5tc6gmu
2,t4gh9mdu
2,hvpzqdyh
2,r141na6j
2,be7gxvl7
2,fvfqqro6
2,0x4zrfw3
2,t7c0drft
2,it0vccw3
2,ycrrsr5c
2,dfe904x1
2,xrgnt6l5
2,eob22inx
2,qz2joxys
2,vc2eheb6
2,03s9spbi
2,3sencqst
2,dspux26k
2,ra9shnje
2,qu8s3fgl
2,d9zu9an6
2,b0wd2jd3
2,6a9to2w9
2,yw0nk7fo
2,xcacty89
2,jc1k3fki
2,pxpghfhq
2,mg2x0n6r
2,1l1hj2ut
2,5dfg0f5d
2,1npav6m4
2,3p2dl8yf
2,zxx7tikz
2,aekywz71
2,28sgnyh1
2,60509txd
2,x9d17j5x
2,czh7xqph
2,7wirya95
2,01goni72
2,x3b6j5d0
2,rgtv9t84
2,wic7n6ia
2,hdgtw8wu
2,124czudi
2,c32lvwcc
2,fcaeoyxd
2,zespmk29
2,1x66nxgx
2,xcfk4efo
2,kzv9cmr1
2,0oma7hdu
2,60qmiwjm
2,4omocd8q
2,mxprt6x6
2,q3abp9o7
2,9nicryzs
2,vknvwn57
2,o8szlx3y
2,46lxtujx
2,jx1wa2u3
2,51k50ebv
2,dhg5k2au
2,9tqivs5f
2,kcvtvki1
2,ji8gkfv2
2,r69dnsdm
2,2le1w7xt
3,yzffm05r
3,eo4ehcjv
3,rq5nqm92
3,wh9vvgv2
3,6q92742u
3,rsz7ch2a
3,6efdyufo
3,x21g6i3g
3,hrfbygub
3,6ymo5b3a
3,1nzheyci
3,z33e58tb
3,dsmne0xd
3,7ggdm8vc
3,kwcyprgl
3,ixsqef8h
3,cirzyldz
3,okjxolym
3,mxafg0t9
3,v3q9tvyv
3,f5p37j7g
3,kxsy16bc
3,ukz73rp2
3,l5oaxugi
3,7iaq4c1j
3,j0suk34b
3,bal3g2z7
3,7jwhypgs
3,ccy9vqcb
3,rz51n7tc
3,itu39mln
3,0psmu7kx
3,g6w27q0g
3,dptgg05n
3,xfoy3i7d
3,eu80ccm6
3,7ro1up5b
3,iub5hvz9
3,xhnqywqb
3,12edypl7
3,99o9te4j
3,y6a4u0vh
3,o8x0reqz
3,x1k6ao9h
3,0rhjsevk
3,xmk8rq9d
3,7euuk8bl
3,rxornpqu
3,jer97zyu
3,jdu4h00e
3,ety31hy9
3,m43n6ff7
3,cpp5zzgx
3,pkqlhp07
3,5uoepd0r
3,buwz6lu3
3,m7nij17v
3,8i1u1a9t
3,rhhafruq
3,nokse33p
3,ikjivfce
3,anaqgzvi
3,fczf3lzc
3,5nyoxono
3,g30nnxat
3,3894l9qi
3,x5jfr9u0
3,xi73bzud
3,0l86swz1
3,dtzc15up
3,u5nxm9tu
3,0tn06al2
3,f02up4jt
3,svwkcuxf
3,1zqq2e8z
3,0v2labnn
3,rwxjlhid
3,aw3jzycc
3,cov6ip06
3,koplfkto
3,q41plzqq
3,nbuvbrly
3,b5pebtwm
3,7t41wvw3
3,yhdj5m0e
3,d4edwzcq
3,ftxgcgkb
3,fcesp0s5
3,byutgrk3
3,fj2rjmop
3,wobsyenq
3,164yx77a
3,vpomgedg
3,s4t1pa76
3,hzhj4137
3,th2ndfyo
3,tjmx6msm
3,slxdonqi
3,sb368dlw
3,xys0g8b8
4,z2uc49n6
4,2cwvga0k
4,igw288oj
4,dtlwjndn
4,9ynljm2r
4,fcmzdcuh
4,bfiexe8e
4,tykc6a45
4,0x2xh96e
4,ea3u0ggy
4,l5ihrxsd
4,8qp5bdns
4,8qp5bdns
4,dumf55yg
4,i8kwhhwt
4,mez1k8t0
4,1qk77fqo
4,gj7qjav8
4,1qhe325v
4,tp6qq2pu
4,a1lpume8
4,s5k2c47k
4,9pdakwmb
4,mbbnk3la
4,hl225efn
4,u37nvqn8
4,r14hb7z1
4,tptuwi53
4,0udqwhx8
4,ubhntliy
4,1aal6njl
4,lizwiate
4,38bqkxn5
4,y8oyg27b
4,zokkm0os
4,w71zqqv7
4,6g0wjfmx
4,8yr2fuu0
4,vt55973n
4,ter67nri
4,jsyao6qu
4,qg2o0ug4
4,sm44g2xh
4,cf27vs1q
4,igfur3l9
4,3hf4uo6w
4,idhr2upe
4,o44ewpfy
4,n8e2n30b
4,e1jjjrm8
4,cureysw2
4,gd5btv69
4,ubqexcof
4,gsqzmuj5
4,cuqpnli5
4,sf0w0spq
4,ih37onc3
4,jtui5j90
4,ubqexcof
4,j8rtwy6l
4,8efdzlc0
4,6f8la6sw
4,wuaxatrb
4,n95j94ck
4,c0pzjq4a
4,yhynqeo1
4,xkg0ylz8
4,gtj93kxk
4,5l6c0it4
4,pnkgjp2v
4,cbptisfd
4,o349msnm
4,13akn7dm
4,mf63ljz6
4,9xu1ujcq
4,h2cm3cge
4,o3in3rdo
4,zh3au0qj
4,2te9myos
4,hcf9tzeh
4,cy22ol71
4,j9fsqzwy
4,tl236g54
4,762tbgvr
4,6fh69mk4
4,1915kvwk
4,lfjud2aq
4,boew323c
4,plp36bj0
4,6zlxqhuq
4,qvhwypjt
4,ejsqsn59
4,h1mo3bs8
4,uatnaro4
4,1zqq2e8z
4,svwkcuxf
4,ltbdbkpv
4,cm2sgit9
4,9unfk5fc
4,im9v9ezp
5,pld0clpd
5,1k5h662u
5,nm2ubi13
5,dlpgq0rm
5,n2tckfjq
5,v5sya5to
5,5f95gve3
5,mo4luyx6
5,jbc74lcu
5,2u7bnouk
5,gg0p6ct8
5,8zwfkken
5,dqxfcwyu
5,l6l24pco
5,60516gav
5,onskc3u9
5,flkjekyo
5,n0mz098o
5,8fmykb4c
5,68wbeol7
5,f03san07
5,gka6f34c
5,nyd1fhta
5,1cc9ig04
5,85acs4lk
5,4ulei2uh
5,85acs4lk
5,uurvoa1o
5,f7bdlnov
5,97n1j0jj
5,ywaefpe8
5,nzwe7hpg
5,w9mij6c6
5,ucqago27
5,p93gxjm2
5,ggofvijc
5,r3oo6w5d
5,dqour5jr
5,gdmhvs2j
5,jf3si5d6
5,nc0bsilq
5,s953j62y
5,nz8qvuw6
5,awitk3se
5,0tpy95ki
5,2ro2p77q
5,k5lvx7cg
5,sc1m4c07
5,09r4d3nu
5,zy8qjaai
5,rzeeca5w
5,5pt9jmyz
5,3pxc5wot
5,gxarfjkn
5,cx6u4qx8
5,phxu6usy
5,vweeiaoc
5,fhmr1og4
5,1fgnfh62
5,fgbilulc
5,b31ctbat
5,h450b2l5
5,d1stzy8w
5,e8xln610
5,bni08i8z
5,3kvb1yjn
5,pgxew3yk
5,guz3am41
5,rwsfw1ei
5,s9gje0pz
5,62agyk6c
5,msvfq7z1
5,a5udnv5f
5,7i52vltp
5,j0496jb7
5,1fy9edg3
5,64ff1ksc
5,04eeb0ku
5,lea8aklc
5,z0qzgu5m
5,0pi09u01
5,2uwnamao
5,ae8y9exx
5,de45x8q4
5,eje3i558
5,7qd8z5e7
5,86vzsrym
5,j9vmsfjw
5,kylj4ufk
5,tujl2x69
5,cw3ci2yk
5,vyeescn8
5,2luwyyto
5,7u1hpc89
5,2luwyyto
5,bht3pc5f
5,czbe5x4i
5,9ujofcsm
5,m0hivi0u
5,dblrxlt1
6,b3wp314u
6,opdva99w
6,p0rqg7uk
6,6kpgt70s
6,exjsq3up
6,m8n2p55z
6,v9xnst5a
6,62v5ej3c
6,rhmywn8n
6,o5n11nxr
6,a9clzlzb
6,6lpaw9e4
6,8qpbz2im
6,si1yyg5e
6,p02v46xu
6,ufeiuii4
6,pkuo2hvy
6,50ml630e
6,sylm0bes
6,600am3mq
6,mz1bof2x
6,sjua401b
6,hy8rjgry
6,x66js8gi
6,1b3pigtl
6,mqs502xm
6,5t38x587
6,o47us1cx
6,zoy8t5kq
6,yv5yz261
6,gsr8crk9
6,ub0gyqst
6,k0f8jj0c
6,ois4gnqx
6,ulnow3rb
6,3fagnql8
6,8ozr36ca
6,nswmhpzf
6,d5d10lwr
6,4b74nv18
6,ekc1tkyt
6,i7soyabu
6,ibac3d0q
6,7z4galgk
6,hzahejqk
6,1kxxg0s9
6,d7xq7x5g
6,zij2wbzs
6,2jwuzfan
6,j7w6vva6
6,ertno6a5
6,qiay8n43
6,wimsktta
6,7n7x93ql
6,bipdvdib
6,wnt1v675
6,ho5n7n90
6,knc0ruou
6,rbblg4pu
6,n5du3bqt
6,xvoqn1kj
6,zzc8dq9r
6,raxxlpa8
6,oye8zo44
6,qx5hnk5l
6,m2nm58x3
6,6wlbl0wg
6,ye44fr72
6,k1adcls8
6,vn0xu1cn
6,3no082lg
6,jeufhpkq
6,o45sziw1
6,bjksz4hf
6,4v71xohx
6,ikt8r2o1
6,mrtpihc7
6,ovzxizhb
6,bjnebkck
6,qz019r9r
6,unpcyp5w
6,lqio7l8k
6,23kzr8rq
6,mjdqrgjr
6,6apzley2
6,sdde8bgd
6,qjma4rsp
6,oc0edgd2
6,8ewqubwy
6,kco85lqn
6,twk5kvd3
6,77jpm4o0
6,j1ebffjt
6,pn4cz2bf
6,v10tfut9
6,5n1847is
6,812st0np
6,ycch15k8
6,eo2pcgix
6,m7gzgtil
7,qjma4rsp
7,xp7ole0u
7,unh5dzkr
7,wow470k7
7,svd6ls12
7,23ituatc
7,hqfu6at0
7,vijh6x1l
7,3g75spkc
7,5jtzt8um
7,ntra3jhs
7,rko7qdqk
7,lsb1s8y7
7,7d5q0g0s
7,x54p3ugc
7,1dbeh8q7
7,ze9fl3se
7,yfyd2ysn
7,gmxbqcqi
7,jg0br2ro
7,mryazbnq
7,3rhdxzj3
7,px4fe7mn
7,83odb66l
7,iawcsntb
7,8m4tc16n
7,7ayg3typ
7,6mxlkyb9
7,q41plzqq
7,7atoko6c
7,k6wkpmpn
7,wp5zwjlr
7,9595vm0k
7,2u16otbf
7,u79trvqf
7,m9yv4qkm
7,e1lurgj8
7,8cg5yj20
7,zls2cjbq
7,g27omci3
7,gqjyusjw
7,llqpfhwg
7,ndpuezpo
7,dt7ql20m
7,qgvue8yw
7,qoukiqr7
7,4jeaqqn9
7,nrtrhq1f
7,dm8yl4xu
7,ovlb53ek
7,t2fcswpj
7,fxhkfjl6
7,bah2ege0
7,uhh3owcx
7,cf2y1cfz
7,ewb09f5h
7,zrw8dk5r
7,rzb4h1op
7,gjwr9h37
7,336asn52
7,mhseqwi3
7,6se4faio
7,d7xq7x5g
7,eceg95dq
7,xuun1xwk
7,8ixb8y3j
7,ij4ibrrx
7,o2vl31aq
7,juooj31c
7,knc0ruou
7,tih33rys
7,xqckpfdz
7,m2jal43g
7,45aru1q5
7,i7ktrb3n
7,1jcvhfcj
7,n26csuks
7,nna0s5mf
7,j061ywrl
7,nlb9up9i
7,wxhbwcfr
7,4rbtif2y
7,yy4bnb4o
7,y1afswkm
7,b1qnfl41
7,hpwi41fd
7,e28phe9y
7,xnqkqgvy
7,lv5xjfk4
7,5unlhxst
7,9iwjtwyx
7,l951fcup
7,3dpt63iq
7,f6rmxcib
7,qceod9kk
7,oyb2fquz
7,1y4h92b7
7,xhsmfjt5
7,tncpd66x
7,grbhww4v
8,79gozr1p
8,dz1lfwzp
8,w0sb4qnl
8,e5q27vpw
8,dnn54jah
8,hgaiayqi
8,jiac7iaj
8,o72xreym
8,vq7k0gma
8,ll2pnl81
8,je1egic1
8,4v71xohx
8,c2zikoak
8,gkd1h8yi
8,7fbvc5g1
8,hsmhtei5
8,alkhsb23
8,fbcu88lv
8,arhdzzm3
8,mh5t9m9k
8,ufeiuii4
8,ehcikhnw
8,2wd3sz87
8,sy4llckb
8,jqb8jcub
8,50ml630e
8,sylm0bes
8,qwnmc1wd
8,yv5yz261
8,k0f8jj0c
8,keaxietu
8,jeufhpkq
8,p0rqg7uk
8,2zbm4iwn
8,p02v46xu
8,4qg9so6l
8,f4ujzblu
8,1mfize6h
8,2smn2hl5
8,u0prnwk6
8,2jwuzfan
8,hjl6vdwy
8,uyq45ryf
8,zhcamsqa
8,m0h9zv4i
8,m8n2p55z
8,gi3vfi68
8,8orv8u7q
8,62v5ej3c
8,1kxxg0s9
8,223v2obv
8,xb1wg3xv
8,6qgzwm7z
8,34sj2z10
8,i9ndb71n
8,ff5ex004
8,1xjgtj0t
8,opdva99w
8,z6hdvn9o
8,b3wp314u
8,hf1sqsyr
8,ho5n7n90
8,kvrbcmux
8,4i0gici7
8,3qswmt52
8,wvf6cpib
8,gttuxtw6
8,yahdp3td
8,zbax2vk7
8,i2rmc37q
8,wnt1v675
8,d3lsgatj
8,x14iywtr
8,deuvq0wf
8,06vc2y9y
8,j56v40u3
8,2epo3a4r
8,ahfyesgv
8,hrrzztt5
8,zsra2yz3
8,7n7x93ql
8,bipdvdib
8,600am3mq
8,ebyvjyj9
8,l59kd2xe
8,wyrd7bli
8,j4z2ej56
8,ywvk6gu6
8,ub0gyqst
8,7bvsf5dk
8,5j8kbihe
8,0xa2njzy
8,4g3wb8qi
8,pm6ta0qy
8,2kxhav4q
8,12pi7hd1
8,oz24qdar
8,bjnebkck
8,qz019r9r
8,c55evbou
9,xm9y4ovl
9,vwwt70mo
9,adf5ttfd
9,vx5rd8hs
9,wb32j7s0
9,c7cd91pg
9,qy66ih4m
9,wmfcey6f
9,jkzxjk54
9,nuaq50vi
9,td4ljqtc
9,zlpz435d
9,yrbalj5x
9,in6yuntn
9,4wybyyxr
9,ieobv7q8
9,v346cpkl
9,6a6m7ye5
9,6a6m7ye5
9,mh23h29f
9,sc1biagd
9,may2tf4u
9,7v8r079h
9,0ujw0gak
9,s6c7d70y
9,6f2cnqbx
9,87pzwvoe
9,9tumplp3
9,u2upcaod
9,34yn5fkb
9,n97bfo0j
9,aeo9l81q
9,w6scpc65
9,vn9ba1ku
9,pbemaim9
9,fmqr2xoy
9,ezirpmbd
9,9ffvdgon
9,gpxxdebo
9,4lx5ft5u
9,zcw0heki
9,vr7dv6bm
9,3eq19uli
9,gmd0rcyh
9,120uu4dh
9,7z53rs8u
9,qkks7f2g
9,9k6klcno
9,gxdb18i0
9,obeinwyq
9,lnnqir2b
9,qkr6jydj
9,1q0v6upk
9,eo887olu
9,nbtwhesi
9,sdxt2le5
9,u066962c
9,51qlh4qo
9,v0o8duh7
9,qeyw5my5
9,ryh7cqwn
9,o603gaxp
9,idg60ids
9,wgu21rf7
9,lw5gynou
9,08ldx39i
9,r7g3qvah
9,s1dseh17
9,o7klw71e
9,d9f8lbr6
9,foczxm52
9,ba6mdgq3
9,khdyxiwe
9,8obqdbh9
9,keaxietu
9,2w1w3e6s
9,7bewt5q1
9,wb35wm6k
9,bp2ilntr
9,j8x384vp
9,pz8hpuya
9,nw3a0qco
9,n8omnki4
9,748se9u3
9,ju9rmicc
9,eqw8ywrl
9,xvdmtedd
9,nalulzfo
9,1wokw69o
9,dc30gkfe
9,dirhry5q
9,9smfehes
9,52c7myio
9,drtviivx
9,2lcz3yy5
9,bzvdkxu9
9,ur8k3bei
9,51g3vhcx
9,dthdszdn
9,ca3wlnex
10,all7ocnd
10,q5xc4m3j
10,vdrd74nz
10,9m5godtw
10,xbuypaf6
10,noyx53ej
10,p1jeiljo
10,jtamxl3c
10,xcxjc3po
10,cb5ebiiv
10,kgkcgpmq
10,3t2ag3gk
10,x52vadhw
10,ls408b2b
10,f6rx4h3r
10,677xj0em
10,n0nch8he
10,77ebl84a
10,41gd7rug
10,le2eifv8
10,xfjexm5b
10,71b6ai77
10,ereh4ub8
10,7ujk7wgb
10,rzh7ja6a
10,9a131e0i
10,2jd7aa2d
10,hb1r2aw7
10,yp8x5zwi
10,qqsefagq
10,43w659t1
10,ld435hiv
10,gwh3vc9y
10,g8lsrojl
10,4u7qtoz7
10,qtc4lrk6
10,31jszjzo
10,xcfk4efo
10,esa5700v
10,0a49okho
10,1roqno6p
10,jcjb89wa
10,u9fmokcf
10,qjf23a7e
10,z3n10m4u
10,tosfae3n
10,x9zg7ulr
10,0k5m2tmt
10,5296m6d8
10,yd7mw17d
10,eqo633am
10,9bi6pobg
10,u4iri70d
10,sl1zw5rz
10,c0i11t0a
10,o8k66pes
10,rqotfwm3
10,f0sc3vmp
10,e13u3p77
10,8do4tojk
10,kweh1doo
10,xthtmpar
10,u56ydlve
10,rvxkt60m
10,ts3ra09u
10,cc05jqb6
10,b8f4a7o3
10,3yi44xfe
10,4dzkdgi8
10,slnyun4l
10,o8uk6if2
10,cm91jxde
10,17wpnfao
10,fn9b7adi
10,k208rpth
10,bwmpamea
10,z470rn66
10,nzat41wu
10,9bv1s0rr
10,cmld8iif
10,l6laz3k7
10,uhxzt869
10,s6c7d70y
10,6f2cnqbx
10,lu9mum1d
10,axymuyev
10,e8gga4oh
10,4s8unfnk
10,ocwetgv6
10,38hw71ax
10,gtfx5cp4
10,ru0av4io
10,51g3vhcx
10,apjwnwky
10,7t3ci8tl
10,i1naum3h
10,wsn7y3wr
10,gxv6cbom
10,fhduagb1
10,fyiqo22x
11,gwle80we
11,mimbnd4v
11,r3y41lfg
11,5wwlur3m
11,nrbiwrkp
11,ein8kmmv
11,nvx4w29i
11,1wae4kw7
11,lli6mt29
11,pauzgepm
11,x0me00m0
11,0w8dsymp
11,loymbv5a
11,nx0f1kkr
11,dgt5q1mz
11,ruxnyv74
11,gu66wmjb
11,liye2td8
11,nqdbifo9
11,8tzp2tkc
11,io7ozfpi
11,k1gyu4p1
11,4067srwc
11,4hph547d
11,8s8ma1q1
11,amr9p1w1
11,pdjz4z8z
11,eb7t7c9f
11,0gctessh
11,qzt5vwge
11,rge5wxka
11,hrdfyd8h
11,whwkv4ne
11,eazqdlds
11,c5l57vvu
11,4jag7lzb
11,lgq1awcl
11,o115igdw
11,xmf46ngj
11,igw288oj
11,547q3vf6
11,nvwn8lzy
11,1ym86y4f
11,nzgdz6jj
11,ubchkl25
11,gsr6an9b
11,4gfbqaut
11,3fs7r79z
11,qskqikk9
11,bpnxkc7a
11,435n70ne
11,2rldos9q
11,j9vuhuub
11,qyh1vkgi
11,uc225mhn
11,w0qs3lm1
11,o44ewpfy
11,n8e2n30b
11,l04kdkyk
11,6eld2449
11,tbxjodu0
11,1rphpf62
11,m8iqens3
11,zeis4w7z
11,1d45uunt
11,siimpms5
11,zhutwcdx
11,op69dg4q
11,f28i1lw2
11,he1n4ufl
11,thra95gw
11,hrdfyd8h
11,8xmpokq1
11,4zg3ms5b
11,ycxidawa
11,tof0so67
11,io3h39te
11,xdnv15ne
11,g8gtxxvb
11,bk5tp9o1
11,l8vkzbh0
11,hzi8zuyt
11,6cr9h7no
11,e5txqhml
11,mzn448zk
11,8hcb1ypm
11,t55od92g
11,kz81stib
11,m4s8uzvj
11,r4j7cjvf
11,d914mxn7
11,sy4kiirg
11,p1rvpzni
11,m1q4071t
11,vsinwqnr
11,difrcew7
11,1i5arpf8
11,q1sbw9ss
11,12peh5yu
11,qstq8y5f
12,akc5t2b8
12,464vpnhz
12,bvivzlhk
12,bpu3hpbn
12,dyzu977z
12,1fo24dq8
12,h2dybyrh
12,s0zdqd6d
12,9hrrkqgi
12,u1c20tb3
12,y9sel25v
12,6f6t558e
12,4q4ve60u
12,5dl70d0m
12,aveb6bdi
12,m3nqa321
12,9332svol
12,l2fenhya
12,13weny1n
12,73yg1bi1
12,votf9isl
12,bu617h9z
12,sfr9twfa
12,ww17vyq4
12,wh3btcd4
12,2g6jxi5k
12,w30flf42
12,uw7xantz
12,5ozpmq39
12,dcx6cv2q
12,y3ize0c8
12,hv7z11al
12,z1pmu8vb
12,p58g4w4a
12,scyndvq8
12,mia3dytz
12,nhlz7vz3
12,i2acghft
12,ts3llerc
12,5jjstgkl
12,zrhwhyaj
12,2f1gb2n6
12,dxiyqf9d
12,kugr54if
12,65n6p550
12,r044iimd
12,vw4vul5j
12,djq0lvr2
12,8gh2cjvc
12,u4uvwpj0
12,v7ve09z8
12,xqszemwb
12,x90l7rjs
12,64igat2s
12,o6yx9mfq
12,dr1ym2mb
12,9fy7yowq
12,6vyyfvhe
12,au6p1amv
12,usp8g0nq
12,qd08nuqf
12,l352l3yk
12,d914mxn7
12,sy4kiirg
12,xdgd11k6
12,pmc55dw0
12,dnaith3a
12,vy2li9lz
12,z6upi7y2
12,ru1unusq
12,xzz3gu3l
12,w62mynqb
12,hu1k1zvs
12,8b9hbpzs
12,2ezo1cc6
12,xk5igdwo
12,hyyw23mz
12,3rtx6fo3
12,rr36a3my
12,zooo00gz
12,fi9ayrka
12,s1vz3mt0
12,q1rby2to
12,z0gysxni
12,obehsz2z
12,5uvmwj0i
12,eecl7nl2
12,e7gx0nj8
12,pkuo2hvy
12,jplefgee
12,jxwyyv9o
12,jtn9d0d6
12,y0gq9kgk
12,79io1cs0
12,7k05aoya
12,ao4239qg
12,6vssqmw7
12,nvouj2o6
12,mz7nuskv
12,x8tcmtpj
13,85vnyr36
13,2yblpbwm
13,3dclcu47
13,vq3nf78d
13,awp1nck0
13,2ewz8ok4
13,2ftw85xw
13,ekbi2fg9
13,m142t5nj
13,9pl7mta8
13,4k1i6y98
13,4ah705nc
13,2dw318eg
13,smzqthpb
13,lasv4e6a
13,lasv4e6a
13,fm6xarkc
13,esq33kx4
13,4iznx549
13,nrfj9vao
13,9fkrf3tf
13,x9d17j5x
13,uu8ft703
13,vc3xc5up
13,s8af6j58
13,4d6rq9qj
13,8rfm0jxh
13,4nd5wzrm
13,scptrala
13,i1mzr5x0
13,ezi2mret
13,83b4vvae
13,skkpkqw6
13,50jgbtnr
13,tr8yem9g
13,3wbn42j3
13,nmyyt51x
13,k1s3row2
13,q0fdmj33
13,inxp2qb4
13,76xp953p
13,pauzgepm
13,vw2d7spi
13,nttuo63l
13,u6y2lqq0
13,oufm4msx
13,e8dd0bw1
13,ysa8vb9x
13,mfnzkvd0
13,e3rp7gtj
13,dfe904x1
13,y08iot2a
13,4067srwc
13,4hph547d
13,8s8ma1q1
13,ls7lw7i2
13,ruk46455
13,4p6fcy8f
13,loymbv5a
13,nx0f1kkr
13,wni08lks
13,61ta81iy
13,hgau3922
13,vm1o1cel
13,1mjaycee
13,l6psk7zw
13,yjp19e4l
13,bq7ok1lg
13,u1claajf
13,amr9p1w1
13,3axgwhnc
13,x1u70y1x
13,msohf5oa
13,tn7wm6w9
13,yvc4432j
13,4v4ko0o4
13,7ixpqd5n
13,r19w6glq
13,8t35z4gl
13,yfzod931
13,ry9wpcxo
13,3uvuo4sf
13,gecvt96a
13,xdtqnwo4
13,qzt5vwge
13,7bux39qz
13,pk8u9m7h
13,pmzxfmw8
13,rge5wxka
13,hrdfyd8h
13,jg20ouix
13,3q3sktuq
13,w7ej6jfg
13,1zyeusat
13,77umyxt3
13,a47onmje
13,ms4xzxyv
13,l1nvnvkg
13,adsgiizl
13,890mltl8
14,414grqif
14,j74wnaef
14,m005jyta
14,cywjp5jh
14,dqkjofw2
14,v5egtgdo
14,f0ny4ur5
14,2wc1bxi1
14,av8ww9fd
14,7kovd82v
14,1obd7mq8
14,901m6zw0
14,q9lfnu6s
14,h2gwzypy
14,0h8b051i
14,zpib6e2z
14,kb8dz8hd
14,axns3ukm
14,yp38t4yb
14,oen0ycsr
14,sbwtxgg9
14,a95hh4yk
14,v84jg4io
14,c48gl27o
14,8m7n5r85
14,582h1w0h
14,5906wju4
14,3ruxk6u2
14,qofpdu1l
14,h7vqmlq9
14,5iv0hwca
14,lsxg0rrm
14,puivycve
14,1tkevj8v
14,5sgv8ssv
14,vid6m563
14,px0twvhs
14,1ir2ptuj
14,8k9zaqsy
14,ccy9vqcb
14,rz51n7tc
14,4zy3f8m8
14,qhrvi9e7
14,x61ol2uz
14,9t19fu6w
14,uicvudil
14,fecx05i8
14,d91t5o01
14,6g1qxz9i
14,cn1z7aen
14,lav794w0
14,clrwsgni
14,k4f79dr4
14,6u1tbgjm
14,wj7ik9qv
14,05w8tv8x
14,75pu449b
14,3pnpaer4
14,5x4deimg
14,t4yxdjd0
14,etnf4i8v
14,8yi1mpri
14,ibwo59yh
14,bph4nuch
14,p3dex2to
14,tnfgbl05
14,aboyqe3w
14,ikx68zp0
14,g0bndnsk
14,vl3fatzm
14,x1u70y1x
14,fm20q5rg
14,zwt4cq52
14,keaxietu
14,jrzoiv5v
14,hp8pswt7
14,skj6jmsg
14,bf0p2i13
14,lkpmuoxv
14,mq4krgxl
14,27z0z409
14,c5q7l7en
14,b10yokyu
14,vqsznhad
14,rge5wxka
14,hrdfyd8h
14,8mvz3425
14,iy8hxde7
14,492xtiqh
14,70kfu3qu
14,onxcbldo
14,xbv0b96w
14,ts3ra09u
14,gmpsniqt
14,us0nk3om
14,9mhcr9h4
14,qzt5vwge
14,v7qytrq2
14,lu9mum1d
14,mr4v0hkn
15,hgau3922
15,75u57fw1
15,up5jpq45
15,ou7w3zkv
15,ej93duxi
15,2w3bx6p8
15,lchlb16q
15,mgtlr67r
15,h9gj814e
15,4tem98hv
15,pubh7ovn
15,4gj9d181
15,gf2ogfrr
15,u9jdb2nw
15,idjey3o1
15,u9jdb2nw
15,k9xhphpl
15,k9xhphpl
15,gp3ib74q
15,6vh66pa2
15,2lt2coyf
15,skkpkqw6
15,j2l61p76
15,5dzyx6pw
15,8s9671zf
15,zpmdrh4q
15,2n3lkbm2
15,tjplc5j6
15,x3b6j5d0
15,ecu579el
15,hzj1lliy
15,fpexj3s5
15,4od8qt36
15,axljtddn
15,80dfqjql
15,5qoxk2ym
15,tv36js98
15,6aqg4uly
15,7reqkx3h
15,n7b9q34z
15,i9n71aw9
15,d5qzzvy3
15,8dc7andx
15,q0fdmj33
15,pk8u9m7h
15,f7gr98eb
15,901z3uc0
15,bbg11u3w
15,1de98sxz
15,ycrrsr5c
15,b35wzqb0
15,5vda46uh
15,0e1qn4yv
15,2bw4mzam
15,2kvft8na
15,pnrtq7xr
15,8acldtv2
15,nx6gofu7
15,schpgyo0
15,4d4l6mzl
15,dfe904x1
15,gwaqh4dd
15,3pe31shf
15,nnamjntr
15,7ftq02ev
15,lx0f7yvm
15,awp1nck0
15,xc8hafhc
15,2u5qraea
15,wfr2zl4j
15,fx8ffedf
15,rbzl0txp
15,ajmuaw10
15,5ub5cdov
15,yk55296q
15,3cm44rbz
15,og69izi3
15,w8dfhxyt
15,90qq0xsw
15,i1egk513
15,hechmemo
15,fiievwy7
15,meow96jd
15,ninzeazy
15,8qtintwl
15,ysw7qxnr
15,4iamptj4
15,7jp97n3e
15,uxvwar7o
15,fk4um9nw
15,kuioq8o6
15,dspux26k
15,64epyvzc
15,pgadzwau
15,jpu9dpp0
15,qz4q8bbk
15,xrgnt6l5
15,v67v2y8x
15,a389lsto
15,zk3l00l3
16,ej93duxi
16,7ftq02ev
16,ou7w3zkv
16,90qq0xsw
16,tjplc5j6
16,uxvwar7o
16,hgau3922
16,x9d17j5x
16,8n2s0bl1
16,khpc9f98
16,3o90pzw7
16,lt4qx2zv
16,8qtintwl
16,80dfqjql
16,axfrgtpc
16,jav5qzlg
16,ewnjgps5
16,y08iot2a
16,6chba2ru
16,7qawvr2o
16,k9xhphpl
16,k9xhphpl
16,gp3ib74q
16,5vgwsuta
16,8yhciui2
16,bg331jpt
16,ygadghuf
16,f7gr98eb
16,peqkcix2
16,h9gj814e
16,zj0a9yf1
16,4tem98hv
16,ttz7x629
16,6yu02snn
16,3dclcu47
16,qo4flijq
16,4d4l6mzl
16,8qauo907
16,8s9671zf
16,2n3lkbm2
16,a1c2zppi
16,ekz0vp8n
16,pk8u9m7h
16,0ywzv96f
16,qz68gtd4
16,8b8n6shj
16,lh9afr7w
16,skkpkqw6
16,idh7io9v
16,2flu8tuw
16,pdd7h14e
16,yr1dq258
16,nnamjntr
16,0e1qn4yv
16,2dw318eg
16,el231qvh
16,meow96jd
16,gwaqh4dd
16,22yam3my
16,x3b6j5d0
16,7mzu8xpr
16,3pe31shf
16,1nz76t0b
16,e4y3wjvg
16,zk3l00l3
16,kuioq8o6
16,ninzeazy
16,og69izi3
16,t0vshbr0
16,5gayhkxx
16,80ev0j5a
16,i9n71aw9
16,d66lwylf
16,o2wg06v0
16,ycrrsr5c
16,jc5knffl
16,z812zazx
16,2kvft8na
16,o6ncqw09
16,ekbi2fg9
16,wfr2zl4j
16,tnoo5qky
16,3cm44rbz
16,8acldtv2
16,ic599zbg
16,xoryhf2a
16,4iro0vok
16,txtrbqxj
16,rike3ukb
16,gegboxgs
16,t2xugb8l
16,sd90yaug
16,wiruhhyz
16,wb32j7s0
16,ggdz1ass
16,rbzl0txp
16,dfe904x1
16,mk4jxpdf
16,91d8i6ix
16,bkh6j3h4
17,iwsa760n
17,0mn4b0fp
17,61ytvjrb
17,t1wpujpm
17,di23na30
17,fsvacjgk
17,h10o18ss
17,8qfwat2v
17,mq9qszvh
17,jwrheaph
17,wm0forsu
17,3wlgsbcw
17,3bifzves
17,vxqdfiel
17,zyz2l27h
17,n2ida5g1
17,r517pahz
17,nrnc8u28
17,ufcvecwo
17,4stz2t7s
17,5qocu8v0
17,g6rpxady
17,o87goa4d
17,upvkzsnt
17,yth3t2cf
17,5b7okagf
17,rd1lshov
17,ddtwxn3l
17,9avz4c51
17,fxcv5feh
17,p7dto75b
17,ibuqz948
17,52f5pdw2
17,t4ru2icf
17,tffg9nch
17,s8zruwx4
17,i400ynjp
17,4nci3fsi
17,qowhe0aq
17,9wotclgx
17,2a7t447d
17,jc9ugexn
17,nesvd10a
17,mxonnw5k
17,bht3pc5f
17,1a0fj900
17,vyeescn8
17,66ct8nod
17,gwcvfeik
17,bw4dz6ya
17,0b0fvnhn
17,yzr7ifbj
17,u5quv9t1
17,8c450yjh
17,ir1q7mtt
17,b9xzw6jk
17,dcvgmb0g
17,laww0spk
17,76gn1wnr
17,fk2wc715
17,ce8hrh5e
17,nmntjk0i
17,y6vhe5bo
17,o8j17zzs
17,n8nu6kgi
17,rin5falo
17,7qt3huhd
17,6f2oial8
17,6aouw8sb
17,mhqiqgr7
17,y74jbnb2
17,4vgy5rqj
17,9vb7i2by
17,7eso800u
17,z7issy1i
17,nboplruu
17,co0nk7pt
17,4zmqplz0
17,4gpdc6or
17,akiz4hf6
17,ucipq8uk
17,c9te967r
17,hkm9agqg
17,xm8k6ift
17,l2vpzay6
17,t2ofgzno
17,txvx5fy5
17,9lm0sz5p
17,ut6e1ysz
17,gduhterq
17,zkk9c7xr
17,b6hcipas
17,751esa3a
17,h89vam9t
17,k2nqu5mx
17,4h9fhm6b
17,gmitz3gg
17,m46ygpi5
17,4jehqmcf
17,tvs1snq8
18,wni08lks
18,g477u9k1
18,tfrawa9z
18,yqrgkhrk
18,tx7en3rg
18,5fq150t1
18,ckqdh4pg
18,bf0p2i13
18,lkpmuoxv
18,1j3ou5yv
18,rnle3aji
18,es8e165v
18,id8sfepi
18,wzmfmcpt
18,1aqf98e0
18,n72a1mzw
18,iyjaw49i
18,0l78gpg3
18,e3icgsl9
18,sqr11fpv
18,677xj0em
18,28utunid
18,qi1henyy
18,h7ftu3ax
18,yp8x5zwi
18,f7rcijh4
18,41gd7rug
18,o5esfwf4
18,hq0owf31
18,114ku0qw
18,r1oqwdkz
18,6wxjm7m0
18,ydazitgp
18,iu1d9i57
18,sdl5a5bm
18,p5hljkkm
18,0vlh67jw
18,menpionf
18,opbmronr
18,xl07uq0s
18,g17lp8ch
18,q5egb5nz
18,9pb2eqoa
18,mnjy6bq2
18,o71haprj
18,tfspedf1
18,gnhu2gni
18,a8mwao1k
18,j3ad9lj2
18,91x9zn77
18,xfsbaxnx
18,gux5btwo
18,yxnss3td
18,qdamvwxl
18,86rb6hov
18,jih1skxx
18,4k36qb48
18,nzpl38d0
18,ropgq7tr
18,39riybow
18,py38vnwc
18,w2c01295
18,xx5xbjqu
18,umvrwgaw
18,b7n2og71
18,844229sb
18,rxk1x3mi
18,gprvoecp
18,2rx84imv
18,qbaemfnx
18,hrhervi4
18,rdzyltk7
18,9skj0zbx
18,6zurkgm0
18,mto52gk7
18,b27xeyy3
18,0durj95f
18,iylmvmv3
18,t697xw4y
18,lk3og0zf
18,mqeg0oub
18,ahhrs3sy
18,m17j5u0y
18,or6hra33
18,btj4ckkz
18,n3g5a2fg
18,2otax3zq
18,uc37poce
18,v0trjjni
18,x938errh
18,1vcc1khg
18,hiierdmt
18,6gsg0u53
18,1q8tqeg7
18,5g95n4gx
18,3v1bid02
18,1wae4kw7
18,gin90aef
18,zlw6omzi
18,ljzuuij0
19,d26y5291
19,bdlor2wj
19,1zzyfmkb
19,gjy7ydqu
19,7agyp81c
19,mcmazu1v
19,c1n994j6
19,20ipkh78
19,rpre7b8w
19,wva4rc56
19,d6v5mkj7
19,hl1ceect
19,hb180i96
19,qyxlioo5
19,1lx84td6
19,xsfolppr
19,zm7mdwvd
19,o1evnvw6
19,btzrfs6g
19,b0nkhsvv
19,1v8wwn0d
19,igw288oj
19,ic599zbg
19,o6ncqw09
19,qzt5vwge
19,o44ewpfy
19,n8e2n30b
19,9fwvy3dj
19,5etdykbt
19,47ema2dq
19,y5hx6g55
19,0x2xh96e
19,lyewg2c9
19,2otax3zq
19,zyw3bpbr
19,v0trjjni
19,rge5wxka
19,hrdfyd8h
19,ld141phd
19,hrdfyd8h
19,eyigl0wz
19,pny37tno
19,hywvmdjb
19,k8k5kg4z
19,2f0sk24j
19,qud4bj12
19,mdmystt9
19,ea3u0ggy
19,nbm1lbi0
19,hx041stq
19,w30flf42
19,2913epfx
19,cylwqipw
19,rshogu4b
19,07b6aert
19,5h9hxvxt
19,z98g08y5
19,dk3yn65n
19,ekbi2fg9
19,lk038t8j
19,4jx0oq65
19,jeuwaj50
19,lli6mt29
19,yr1dq258
19,80dfqjql
19,irmwqjfh
19,qcwvsxgn
19,b4frnsmk
19,xa95ubvs
19,0macgbcn
19,gdtm4d7w
19,mf60ulpi
19,euk20rue
19,v9scqdzp
19,87v65ge6
19,gt2g1but
19,lbmxfhiv
19,r4jibvvf
19,o3in3rdo
19,zh3au0qj
19,r5bfebsp
19,tq9kjozt
19,hf2m7imf
19,kuwargnp
19,uqxl4xux
19,t9ir627s
19,7yo5hvhr
19,jd764wk4
19,9ettkwvl
19,07slko08
19,8auf97aa
19,xyojgb8q
19,k9xhphpl
19,k9xhphpl
19,r5du3x4v
19,d3b5o5d9
19,l5ihrxsd
19,eb7t7c9f
19,0gctessh
19,yoy3hj3j
20,6cxndab8
20,f48gflvs
20,53107z56
20,z3l6eden
20,5y992v88
20,6xlb7bfa
20,a0asoy8j
20,ohj6misb
20,uu1jml2c
20,3twud97m
20,hui5jaiu
20,1pahpghb
20,mclozg5p
20,6i6pm7x6
20,mi0pmyo4
20,04h53wjz
20,y6msg1ml
20,4hz2yyl5
20,ura61ma2
20,zb8v9mf1
20,240jc7l4
20,r8fmq65g
20,k925dtlj
20,nthxicak
20,fko9so0i
20,6eggfavx
20,0x02bmti
20,j4v3zrlg
20,i5i2owvv
20,gic43uwz
20,6u623i0w
20,vzwsgfn9
20,fow7nqrx
20,mgp38mdz
20,fm01bijc
20,xnu55d2t
20,mfqlv3nh
20,9jakiead
20,b3ckgzg0
20,gltqs8ha
20,15jmiqrc
20,3ysa4twk
20,vrbkr4ma
20,hynkb0a8
20,g4d4bdw0
20,7lonkj5p
20,5a2zi2xp
20,eccv9401
20,ds3udegk
20,a14bssmm
20,42rz28xg
20,ggx4v0bz
20,l7v6vqi0
20,34hc3ulc
20,jt8i703w
20,uo1p1rim
20,h6nw9bx6
20,q9fw7ch1
20,paxcmex6
20,zutavvrf
20,zdd2ayq2
20,i073l1ww
20,7tg62meg
20,qjigokde
20,ps7tsfuh
20,9q1mawfs
20,rxmpi61o
20,6baw4hmt
20,fskfnmig
20,ijbrhsl7
20,gkfmgi3g
20,q0ynih80
20,ybr2ij5b
20,5n7hxhbg
20,lixd372e
20,4fdupr3p
20,dzvo9v01
20,mls0bfsx
20,zhbw09pg
20,09e5n5zd
20,oapjfamm
20,60wcvkbn
20,tej1fwwe
20,txmyhgy2
20,v10tfut9
20,c3mclbgp
20,hk25tivi
20,lb6yv035
20,x90ifulu
20,76e7ro3d
20,fexs1dm6
20,3n2nji8l
20,9anoehl3
20,cvj1t0gi
20,4ozwhcyi
20,pn4cz2bf
20,lhwkthzx
20,rjxwp3pi
20,o60ldhzc
20,x21zlgyb
21,eet3v4cs
21,0o3wjvpx
21,een09dzg
21,j5p5mtiq
21,vopoo7w0
21,fvkr77sf
21,zn3l6lgc
21,lr4l368z
21,osyoizng
21,1ntplgl6
21,6ulvk9hv
21,al3p52uj
21,v10t6kvw
21,gdxvbspx
21,yx4g1l6d
21,7o1ixq5s
21,ser2y494
21,r9yngrra
21,o72xreym
21,j5vdw42m
21,s7j5cco5
21,sgg922q5
21,tecnmybz
21,7knn1voy
21,zc1vih5s
21,z68j0c63
21,lizwiate
21,z20lcsrg
21,ocy6159b
21,gkd1h8yi
21,z6e9ecdg
21,07ufn7kb
21,2r4uty9g
21,huyl21vz
21,vm924mxo
21,z7pfmkvy
21,9tgnx7du
21,632r6uqe
21,pughsygu
21,amcispf0
21,w646qkjz
21,ysyz3grd
21,3m72qwl4
21,ou3wj4rz
21,ee1s7hvm
21,2apo9imk
21,ent5oimq
21,0cji7tzq
21,dcf6bl8f
21,87kzkbea
21,ss18o9fi
21,gz763ki8
21,2sm0lnnn
21,gpql06um
21,g18iv07e
21,p49vahoe
21,ih37onc3
21,6nx4f8ss
21,11hi1jel
21,3i2jhvwn
21,muetf7l1
21,f15uh4id
21,cqesmvk9
21,w69qfyvu
21,hps2ompw
21,jsqoj5xu
21,dop8knqn
21,oeqf7uk9
21,gi3vfi68
21,8gibpnq4
21,3hf4uo6w
21,ap2lm1bh
21,jpieb2oj
21,dpyj132u
21,8yurblw6
21,0mncitnr
21,bsz2lda6
21,u7ub7i0l
21,mcrf27ew
21,pzh5zgi9
21,ubqexcof
21,het5173i
21,hh70c22f
21,8m9ygzn5
21,vw5w8eco
21,1tc6i94v
21,4jlj9rdc
21,kxsfyjdg
21,vpakh3jk
21,gnx3t5gw
21,uniz8tuc
21,ubqexcof
21,ibs5pha8
21,cuqpnli5
21,86l1xixa
21,xr4flvzx
21,jtui5j90
21,dtlwjndn
21,a8qr7nl6
21,l7qozj7u
22,v3qgqfwr
22,6p39cx2e
22,ter67nri
22,0ec1cu8q
22,qsy2kex1
22,q5p0ie3j
22,ejsqsn59
22,lfjud2aq
22,8ysfaww2
22,2k1n07on
22,846vqdz7
22,m6eal7lu
22,jwmrgy5d
22,eeg5dmow
22,jg6v644y
22,7icw3be3
22,3v64a4ei
22,cf27vs1q
22,sm44g2xh
22,72vjnndw
22,xhum1ykr
22,x4093iad
22,hl225efn
22,mbbnk3la
22,swavbspd
22,sf073cmj
22,wk2jynv1
22,l41qzggh
22,prl3m4xk
22,xru8knb8
22,6shr9ler
22,n4najc74
22,mh1ly892
22,9ow8t738
22,5ql7876p
22,n7says5m
22,0kss5r7u
22,8y7plctf
22,p96iq5iq
22,y4r9nfu9
22,3nwrmkcf
22,23ve243h
22,8ibh77s8
22,vfn6280y
22,13akn7dm
22,wztm0rbx
22,at8ad5mo
22,n2atn6nf
22,shm9y7ie
22,1xkl3mof
22,ky33ju30
22,6f8la6sw
22,nsp2t0i6
22,xkg0ylz8
22,dthdszdn
22,4ep7nf3q
22,tkvgzbuk
22,xn7kd6q8
22,r06sro6u
22,0nyfasw2
22,w49i0xkz
22,1aal6njl
22,ubhntliy
22,w996v6od
22,3sqp13p9
22,tptuwi53
22,vt55973n
22,rsyiemgn
22,lbt57ccs
22,cm7lvoxj
22,01yzk0au
22,ntakqxgd
22,8hvv7gsm
22,873txs85
22,qbxx6yae
22,5l513o55
22,d4h49d8b
22,dn41mqmb
22,baodjrw2
22,u7tunrdz
22,ul53w55f
22,ytrt68qi
22,ep2useis
22,xe8gt3i8
22,g9gxu3jz
22,852jcbwv
22,vvwsinv2
22,ysyqai97
22,1zfr32pc
22,4q2olzx1
22,6wy9y2f0
22,sam3usz7
22,8i5v0vcs
22,tlfj4szl
22,17hyh3n5
22,3rdbdnpg
22,5ylq8jps
22,l414z6gc
22,nkmpnq3s
22,6f8eu56a
23,komx6t5h
23,bwkad2s0
23,y4h95kb4
23,69qefbbo
23,g484ymy9
23,4ko4lwjz
23,lujxql3a
23,ucimsb8d
23,m6pth0tu
23,p10cya94
23,2n9h51je
23,bzz8ydcs
23,9m5fl3m3
23,d4mf43j9
23,8jhwamfv
23,o0ot59di
23,nthxicak
23,w6p3f5qc
23,v6frcc5r
23,az2t6jjx
23,bwfrjrr9
23,mwttkclk
23,yomcxz43
23,hj6dobhd
23,h3xwg8uy
23,w24w9v2i
23,zmk8bbcd
23,4f0hs0ha
23,zrmqoqv0
23,mon1loph
23,7kw9lws0
23,1y78dfsl
23,8ek694p3
23,t0hjgjqn
23,xwaycskl
23,l2f6g7i6
23,61cwycg6
23,5smothfb
23,c8x1o9r9
23,45tsla3k
23,2qmtag5x
23,w0e0jhda
23,o5031cxp
23,9y4q4cw1
23,31urk6xn
23,13akn7dm
23,49d3w525
23,avwk4fwi
23,5efzormt
23,bc26pz53
23,mbbnk3la
23,hl225efn
23,dx3jywv7
23,tz3hqv5g
23,xn7kd6q8
23,u6uqroi0
23,hj5zcw2v
23,dfkemtwp
23,vh72tfri
23,oueqkh57
23,mnkwjplb
23,guj6gh6c
23,osaycpe8
23,a0ra5stk
23,06kowddq
23,1ze1qyx5
23,whnw19pc
23,ih8oxr40
23,7a8ouzma
23,8hvv7gsm
23,4n5nqbx0
23,tpnhpq1y
23,1aal6njl
23,ubhntliy
23,e0skv0bn
23,94irhid4
23,jt8i703w
23,r06sro6u
23,0nyfasw2
23,w49i0xkz
23,9esl3yca
23,i073l1ww
23,dthdszdn
23,nsp2t0i6
23,llzfc1r7
23,7nvpnehk
23,fskfnmig
23,cvlq5ajt
23,4fqsx5y5
23,gm9564re
23,7lonkj5p
23,mx4t6s6n
23,8stdci8h
23,9xmksj06
23,lfjud2aq
23,bt9ejo9h
23,873txs85
23,hxvh11l3
23,mez1k8t0
23,oapjfamm
24,3jolt83r
24,118x15od
24,15hqzcig
24,cctvpphp
24,p536yuvi
24,ja9qu3p8
24,otqjnh2s
24,bqxyb61p
24,0tsefy6p
24,fe8f7tk1
24,ix2vjgph
24,8lhkiw9p
24,skknfc6h
24,wizlpkrk
24,z0t43pmx
24,n47jui5f
24,iim21pta
24,wtov0a4f
24,zxflw6ac
24,r8zuno3m
24,4fqsx5y5
24,qzev2reb
24,bvksvy6u
24,22vz79nz
24,lntg6yb8
24,zgx5uv3f
24,o1fvusi0
24,eqewn6j4
24,n58u7e99
24,zh3au0qj
24,o3in3rdo
24,m9d88do0
24,nih2cnnz
24,z9hifitw
24,u4di2tk7
24,0tdt0wej
24,4cx6fe5v
24,b2sse5e5
24,i27mujsj
24,4ti8l2ea
24,tpkl3x02
24,gf8xn7my
24,o99mtt0v
24,8izffark
24,471g5wyp
24,aih5p56i
24,w1v1efq7
24,nthxicak
24,nwa6cdti
24,b7m5go9y
24,stmo4b0g
24,b2tsladw
24,x0jfa1ib
24,33c85eaa
24,v7uwpcb1
24,etysmf39
24,tcor3mt4
24,hpsk5kn8
24,u6uqroi0
24,hjsy9rmc
24,hj5zcw2v
24,zn5iutfu
24,a60bp1gm
24,flqtiz52
24,6duc06et
24,j6cng8s3
24,svj4a7x1
24,1oudnxmt
24,b9fxrt0z
24,cy8lxzww
24,gy1trcj3
24,n52mmprb
24,cewdaz4l
24,lmrr4hde
24,2ul71ktr
24,lw1x9tn5
24,u20e82de
24,xmhsky0z
24,yb5fjdby
24,m84hom7h
24,4aedj5ew
24,rzo8ea14
24,aclmmnhd
24,3msk5ggc
24,j1zztfzj
24,mxolnq54
24,m0qqf4n7
24,dn626wld
24,yte0up5w
24,9meh2e02
24,sc8q1rox
24,bc1huphj
24,0t9uspl5
24,dudf192x
24,akxaru5a
24,xv7xonw6
24,o2mjdbar
24,azaxwi6q
24,r6r1t47c
24,wcmss99m
25,r8mn4lzv
25,n2ida5g1
25,t996fbad
25,vw11c2wt
25,pd70i3d8
25,dm5cf4hw
25,8ceabd6e
25,18jiikdq
25,biu5zxd1
25,85acs4lk
25,4ulei2uh
25,85acs4lk
25,1lnknzwa
25,xgdgesj2
25,7ybz0rlp
25,qdbodczk
25,aoi4iqkf
25,gsc0ukst
25,6l87fij9
25,djw2zzk6
25,5innqoip
25,zzljrkbf
25,cwi0omul
25,fg69m7o0
25,20ky3t6y
25,orqlbw9m
25,i0mnxqa0
25,97q9e8u7
25,iwb40xuc
25,fxbiadlv
25,fuljgago
25,aqxeyek2
25,y17cqn1d
25,sof70xa1
25,kbd2h4l0
25,thcx58iw
25,rv26qfmf
25,asivq33u
25,7bmtmx22
25,zppc6p20
25,5i9b5q0d
25,sc8q1rox
25,bc1huphj
25,tv9xsned
25,s9mqv4lo
25,t29qn7gq
25,qec8i156
25,u5yjvff2
25,xfptlkuc
25,w9hq4kj0
25,6uxo7q4m
25,lqxtvaug
25,s9vecqv9
25,50usynmq
25,h4lsvgxo
25,7dy95eta
25,295i2q8v
25,o32d3kaw
25,989ehjgc
25,yn3raqd0
25,t4ky00f7
25,mnvd9wf8
25,4cr6z7tc
25,6rs86u5v
25,j90jc0rj
25,g620uazt
25,u6vbu6fd
25,fotsb6tx
25,m8x2ryx5
25,hicqy5sj
25,rnuf8pum
25,dn41mqmb
25,qlkt5fzp
25,mn3b6nrs
25,370fqkat
25,2n97jqeo
25,dgnw57d2
25,uizdigo0
25,vpcx2t3w
25,hpid3fzc
25,8ek694p3
25,k6j0vply
25,8glsl2ka
25,s9vv7rw4
25,s9j21zsy
25,ylhfe5nc
25,021868n3
25,a0xu1d56
25,m76ic66s
25,284qn075
25,c3dxfet9
25,fm39g0bo
25,vq8wiz9u
25,8789ibcp
25,8c9v6t3q
25,px5go7rc
25,fcgcittn
25,hyoyjpbd
25,fef87ie5
25,uiuy0vun
26,89l3cagv
26,zxq7dl9t
26,a6avr09j
26,rxdhf88b
26,m9hkfyff
26,f1rertcy
26,ukuqs3qe
26,31ehponk
26,0tkemr1l
26,ykl0xmta
26,eghlkbjo
26,3rq9y8rm
26,uvsmbrbf
26,gjigvjgv
26,zpb9jicw
26,4j6cbnk2
26,db7zcdyh
26,bu2w2ox6
26,ulkoql60
26,muztaqox
26,qttfjrsw
26,ywsm11aw
26,86muphtv
26,78pahqzs
26,r3hqxe10
26,551a8lsf
26,5bt5qsyy
26,qjolkwsd
26,nzjz0q8b
26,mmgv3m84
26,imv0sc9y
26,uafa13e3
26,t4b004h0
26,g3jmih5x
26,h38jqpbj
26,7q9jady4
26,q7r2vfo1
26,z7lz9syq
26,3l3zxoo5
26,6kne981m
26,c95lntyp
26,g0xy7sxw
26,3v64a4ei
26,oal60som
26,yd7ty7g4
26,flu4j4s9
26,rzlh4y92
26,wc40gouw
26,q9za0pj2
26,es79ls4z
26,o6jdvlya
26,72vjnndw
26,l21fin9q
26,0jnp7pmq
26,1jprldcz
26,urd89ah5
26,17zue2xp
26,8a3bpa4k
26,pm51q7he
26,y7iwmw3c
26,15n0rny6
26,46njnlct
26,fkoh76yx
26,i0nppkp1
26,0m3z9bqs
26,dixskemz
26,hqech99b
26,3w63yt7f
26,9xnauw8k
26,d3owtd98
26,ajbypz7g
26,8q6p7495
26,d0ipvb46
26,iey6c368
26,mrg2pomd
26,kbjn7ke8
26,4nh4khsq
26,adnhf39a
26,a66sszp2
26,oaxon21r
26,ioq1n2pz
26,20ky3t6y
26,xrlewsy9
26,65r6ql8f
26,mei5vlio
26,k23iyivp
26,jdwi0n42
26,h2qq03ng
26,gxp1n2dv
26,pqg9gobw
26,1aqtqaod
26,x3e0ta9b
26,st9rj6wm
26,u17s0j4c
26,ils991dx
26,zph6r4il
26,jvnfkwzv
26,qfxdydgp
26,hvy9ukhh
26,ifamg1ix
27,nadzy6lm
27,ghasrwqc
27,t0mqh9m0
27,ymy6mzry
27,bi3bl5qt
27,0p7sypii
27,c6um6puc
27,cca7gzjq
27,tiz12unx
27,1ix7mtxd
27,76gwhiyd
27,hv0cwf6d
27,50zrnau8
27,1t0e4l97
27,j0a3tgbd
27,c5q7l7en
27,27z0z409
27,vbg06yyw
27,6pn9jwfn
27,1ew0p6x7
27,608qex0d
27,nlzdto1h
27,ckqdh4pg
27,qrf7n7dr
27,a3tvoana
27,8pjoz64q
27,c5be70t6
27,eudcs9t2
27,xwvtjm6s
27,mbgasuzn
27,0r8vo1fa
27,atnz63pk
27,7xb7hj9u
27,wfql1gs5
27,svfmc5y5
27,8xlt92pl
27,a235uvsc
27,ls6cdive
27,zdmof6zb
27,isbw3h1v
27,ofoqk100
27,j20vjioo
27,nubzfw13
27,tg5wbwf9
27,coac0tz3
27,li8kvzdh
27,ldamulbe
27,rfs4mds9
27,54260tth
27,js5my502
27,xbv0b96w
27,4ki5st9h
27,7w1bhaz6
27,5ha2ryv2
27,j7l6yomy
27,t7cxqkp1
27,uibiipku
27,0haf57l1
27,pndu87bp
27,am7c614b
27,8u7d4czd
27,vxl2flbn
27,udn2t8il
27,6qsk6mij
27,vh07fg3f
27,60g3x7fq
27,u8rt6hbm
27,iff8cuum
27,rdb960wx
27,lnb1e9iy
27,tfsh3yk2
27,qqg2yy73
27,ftxgcgkb
27,eerqrqwk
27,fcesp0s5
27,ngfrf912
27,lxowaacg
27,3as2o2y5
27,hkm8yspk
27,qr81d6h4
27,k89upuh4
27,hsgx534y
27,g948h572
27,363agguq
27,ztdsssq4
27,fjnhoai4
27,r55l32dr
27,3lv35lz1
27,6su2x8mk
27,pth2d40p
27,zf9bwk1y
27,a4gbe42z
27,5ina237p
27,tr8yem9g
27,l8380adr
27,pwtq48bk
27,p2xv003d
27,bmsmegbs
27,zbzrxuoh
27,dqc3qsw0
28,n3cg3w9v
28,px2o98cv
28,oda2472v
28,0lk8eujq
28,2f6nj4to
28,y708ej9l
28,fgxbyb7l
28,03eifdr1
28,z434n5k1
28,zhfrgaxf
28,98zpr960
28,opbozg55
28,fpn9y7e6
28,dam2gyoe
28,9pb6g024
28,q6oxz7a9
28,7ttesiuu
28,svwkpcme
28,pi966ol1
28,3jnhboif
28,b5fel2d3
28,pac9ha4q
28,oq602cg0
28,0eizsamh
28,lh5g8vl7
28,75vvix5o
28,cy35eyqf
28,cdx5glzj
28,0u4ar3b5
28,87uhx3pt
28,w1au4pyl
28,86h5ptxm
28,niic9dnr
28,5yvjbr5q
28,cpu3q9o6
28,hlyvk0qu
28,hjl6vdwy
28,ujomta30
28,wmpjfc02
28,txvx5fy5
28,4stz2t7s
28,hgidpfow
28,qsldjbfq
28,oj7rmy8m
28,r8q9ucb3
28,fckn8ld4
28,2qwk2z22
28,9ojr7oic
28,h3mdrikn
28,tkqmu1va
28,pzqmg22v
28,t5iaz0ts
28,h8hk135w
28,iz74o9de
28,5or25hej
28,fg2yt2o0
28,hvp47bm2
28,safr9z37
28,6rnko6tl
28,0q5vt658
28,mhxtvn0u
28,g3s4iavk
28,inm6f4sw
28,jn2or2a2
28,9sdlm4jf
28,jpdnii41
28,qv2wup1o
28,f3mebese
28,et1ekgdl
28,3tio10sx
28,iimx8nt8
28,sm0112e3
28,8fnvufmc
28,gnw8adj5
28,1o6zhnnj
28,12yk278d
28,bdbul3gf
28,95zrth5d
28,gi1ujgwp
28,i1kyymdt
28,31iws3lh
28,rvbqdpmw
28,5xfux8e2
28,pnpsn6dr
28,2u5zxc2i
28,q8l3ra55
28,42ywl8gp
28,iymmf4k6
28,xs5b1qoj
28,zrx4x5sa
28,sdij1d90
28,gpofwyux
28,5800z7h0
28,ujidz0u2
28,5o9bbspc
28,eai81nh9
28,azvbl4ie
28,sfe5ggft
28,vtiwj788
28,12ikum8s
29,4yuw7jo3
29,4yuw7jo3
29,lmj1xqi5
29,agio2sqv
29,b4mdiont
29,38d6gb7o
29,7qd8z5e7
29,eje3i558
29,dpble2jd
29,b31ctbat
29,s953j62y
29,vnn7lp8w
29,7cjm2yp0
29,2j56et4p
29,gka6f34c
29,nyd1fhta
29,upcsvjuo
29,ttl1f9dd
29,bv6xa8v8
29,zl1d3gf2
29,n2tckfjq
29,bqemz1eu
29,sd40c03b
29,tzsm1t44
29,9bhp3lph
29,r5p5helx
29,y6pw87s9
29,rddq8bi3
29,sywk7014
29,j5nmifhj
29,flkjekyo
29,onskc3u9
29,cyijutq7
29,amzmyqys
29,ei3kkp30
29,6mqg4nb5
29,h23iqb7s
29,m0hivi0u
29,k4f79dr4
29,m7dwbheg
29,hyihoelf
29,w9mij6c6
29,45pp83im
29,gjpgcimx
29,m0q7rm6z
29,7hoiaze2
29,m55mro2m
29,4pywvaxi
29,r4snyxr9
29,m29yj304
29,6y9n69g5
29,jbc74lcu
29,khxdk8t8
29,zult69f2
29,1fgnfh62
29,vm0k7hfx
29,oak27okj
29,c732txfd
29,zg2u7fwx
29,qato562y
29,8e50vgyi
29,402eb8wg
29,zb434ve3
29,64ff1ksc
29,byjd8w4c
29,cw3ci2yk
29,5f95gve3
29,qmg58cgr
29,qebbkr6d
29,jcqhxzih
29,n7ylgqfu
29,oez3l9kn
29,icyut3xa
29,njeyvdd2
29,jznszeo7
29,0nqz5y20
29,phxu6usy
29,0j69n035
29,mwf0fjua
29,ftyj42bz
29,jg9vlpu1
29,f74u6ddy
29,w6bk2x1n
29,untuy1e6
29,anedg12x
29,bcgbdf84
29,pgxew3yk
29,1intktsf
29,68wbeol7
29,n0mz098o
29,r48mvvjs
29,i3y6yxqj
29,p79fu3ee
29,vrjpqkp2
29,nz8qvuw6
29,nbjili3v
29,q5fhgq6q
29,4fntk91q
29,2t3evpxf
29,x4kirba0
30,dieaqxmi
30,gqqdx2r5
30,2lwzhqer
30,p6uliadr
30,4el6qq3n
30,zdfx3zo3
30,fxi8ss2s
30,928lhz2l
30,m2k6usaz
30,np6nfvf2
30,lvajofdq
30,kxds6r7t
30,oyr4klqk
30,ssuao9mb
30,jql4n0td
30,uc3slu8q
30,bzeqs5oh
30,1hwdd7nq
30,o4m1pun6
30,y484snqe
30,x50tvq3a
30,ljztowrp
30,b518n9dx
30,aosmo568
30,tgtba98u
30,95fc828i
30,0kds2pz3
30,b8tknq05
30,bpou9p89
30,j40u05z6
30,dbknlu0z
30,67i1yt74
30,nzxbogga
30,pi6pezv5
30,qpa6tk6v
30,ujvei43u
30,5ijdl5sl
30,ygygnmgm
30,7e8zlt3t
30,o1ff4hex
30,rn3bjc9d
30,fybbnn46
30,txvx5fy5
30,bh2sa83z
30,svp32re6
30,r22x7gnu
30,j8n06hzx
30,qsd49pvm
30,7v7pzclb
30,hj9x032l
30,ead07dc5
30,8cvjsisw
30,tdqtikbh
30,yth9hh5q
30,m9zd0gh6
30,phxu6usy
30,pgxew3yk
30,wr082q8z
30,9hxihlw9
30,9hxihlw9
30,udb0cbdt
30,qiigfkmg
30,vs6rh9i9
30,n7gfsyxs
30,h450b2l5
30,mgsvg5gu
30,epept94i
30,qq6l6yrx
30,4g878n13
30,fgbilulc
30,puc13jf1
30,rmxin1da
30,7ovfb4mm
30,rl3801n6
30,1uc0etas
30,bw9lbzvt
30,9rk8hccx
30,waxmarc4
30,iymmf4k6
30,tvs1snq8
30,byjd8w4c
30,ycgz54i3
30,ghrlj6b2
30,lg45goe2
30,3onq57ov
30,2jei05lk
30,t1wpujpm
30,8ruux4sw
30,bht3pc5f
30,5kcl80sj
30,nz8qvuw6
30,vyeescn8
30,xw8o189s
30,2ro2p77q
30,eqp65sft
30,vijzfbyj
30,dblg9wfk
30,ptnmtvzj
30,rh9fpr0w
30,ryr8imai
31,0ln9r2nq
31,i7v9l6ii
31,1ykji0c8
31,0oqcx0az
31,wqutxi9c
31,aksjrr8g
31,b3hbk43r
31,0ybn2igj
31,8ies5d32
31,0f33478u
31,q25loze1
31,mg2zikyp
31,jqjtbkda
31,iq7fenxm
31,qwub35cd
31,lbi9hapk
31,hartcbli
31,k9qiwy1b
31,hgau3922
31,h29uwe1d
31,46qcxs4j
31,nge1itgk
31,7ygcfzii
31,h180nsed
31,ozigndov
31,1fi2sw5u
31,e2zeh8cl
31,pnl2w4mf
31,431ksdno
31,pqvlh3eg
31,t9u7d029
31,izltn367
31,evfzgv8t
31,nvwnbp2j
31,9i024s08
31,de8haxop
31,obadq502
31,zg4d89cd
31,mqzxvp6n
31,anjgdyqa
31,jitmsez2
31,fcpfbq1g
31,c813ttt2
31,zi98dq1v
31,dk76g6az
31,73mqgofa
31,ktet18wl
31,wtqwghon
31,tj4deqfw
31,rm348mes
31,n1rj1ryb
31,luayiig9
31,efph1wro
31,pk8ztjcr
31,c0csud9i
31,dg53ss0q
31,ugc7ce21
31,m1j6v33y
31,ziujiigl
31,9m10jl7r
31,1eembfsg
31,7uoia564
31,3sz930s3
31,uqhiyj56
31,480iwoai
31,rn89s450
31,ansy1zlq
31,ffsubocr
31,87lc2byx
31,refhfzy9
31,tdptzh5n
31,nzjz0q8b
31,k3ts6yk4
31,imyvmgdk
31,73a7uvyz
31,3p2dl8yf
31,zh6tw0eb
31,28sgnyh1
31,9207y6l3
31,1pxacoi4
31,tnrfquse
31,o409ie16
31,lrdvpeua
31,ln0rhdv5
31,ndao9wcj
31,paqu1t1e
31,m9ma3y93
31,aonxm7x3
31,ep46lzeo
31,szsb1oan
31,220ur8rw
31,v056i6g7
31,fhv9034n
31,0u00nhf2
31,12xdtllc
31,f3ds1rq6
31,fsgmh0bt
31,0xhho1sh
31,82m3w06s
31,p8t5475p
32,9sk11214
32,h0q93in1
32,zr495eff
32,z1qh8286
32,hwwaoza1
32,baoqgu8v
32,76xp953p
32,u6ewlh16
32,k1wd7ymj
32,0sjsqwwg
32,auwm2qj0
32,2luwyyto
32,7u1hpc89
32,2luwyyto
32,uibiipku
32,itwp1grf
32,4ki5st9h
32,9pdakwmb
32,14gcu1se
32,wta7ndnk
32,blqzi69t
32,76uioces
32,594qzvsk
32,lj8t52yl
32,miujzgtd
32,j99cgsjt
32,1vhxcbx7
32,qq450u62
32,k4rh0osi
32,wbtaoo0o
32,xnamt7q4
32,gagcx76w
32,f7j43xaz
32,3n37dlt4
32,ps41j4g3
32,r3t4bd78
32,eyi5609q
32,d25dph83
32,vjfquvlu
32,yc0fbuxl
32,sphwclzs
32,q3mj98k1
32,h8a93gpk
32,5mh3ds6y
32,jujrazsr
32,ypgrw78s
32,22rq5xfu
32,ulygq434
32,jxm69ndw
32,tutit2bc
32,2ja9md3j
32,d11ua0oh
32,pfamlz3g
32,bsypo08l
32,41ogljo8
32,86byq11c
32,zhciwcut
32,ukmkzrkx
32,hhsa76k8
32,dywxluxg
32,qvz63m93
32,a12708qd
32,tjmx6msm
32,9ot6khmh
32,zzi2xv3p
32,gqvhmaqm
32,nttnaal7
32,bu1bc2bi
32,8l7hrany
32,p7ifetgw
32,p7ifetgw
32,5k4ijfr2
32,t7qzpi54
32,lt1ipwye
32,m2cu5iof
32,mrnid1i2
32,7ixpqd5n
32,r19w6glq
32,lhh06yvj
32,nlq5755b
32,jupjha9l
32,i758v1vb
32,ew2kjq5s
32,puuqv6zk
32,pyeb86on
32,jmrg4oeb
32,m4wd4552
32,y0hzwsaj
32,7l6fuovz
32,a5doaknm
32,sfiy99eo
32,rwsfw1ei
32,hvwa95hz
32,8oz6bgz4
32,sornr7kx
32,bgrlcexa
32,bawgldfi
32,0nh58odf
32,8xu453f8
32,kx7ybq42
33,tm8fzbue
33,l9l6z1o0
33,bb5dnbbt
33,j6lbxlm3
33,ld0vo1rl
33,79yna07e
33,4vkag60z
33,vevsgkp6
33,cf1v5k55
33,cy45w8vq
33,b44qnmbm
33,itvfw787
33,yi25yh8f
33,0pt6dxb3
33,sdiwnhs0
33,qmya3gng
33,4vl0cvyq
33,43pomco2
33,w9rqnz9h
33,1cgyp47n
33,6ojmmmuj
33,4nrpcado
33,sdtiyrab
33,wfaqim7d
33,sribl7kt
33,binxayw2
33,4ckagigq
33,ugbmvvyw
33,z5q82rmp
33,oo3ykjro
33,vqxrjtgb
33,rl2qxd03
33,kd5jg76h
33,gysf0vbv
33,seaa46hz
33,c7bmrjzi
33,kvcbj093
33,dl6rbqxp
33,nno2yjae
33,mplt4krv
33,tm7krxxw
33,3azvj66s
33,bftsmcl4
33,wczw4vn1
33,k23ltuvp
33,5m7q92fu
33,m88ha8ry
33,wxagjqbt
33,ukbevpr7
33,to54sbmp
33,3zduon0f
33,z9molxg9
33,huan94tf
33,9a1fckvh
33,kh54yctx
33,d2j9wpqk
33,e9ft15kq
33,gnbpngef
33,2uwnamao
33,755ym7vl
33,qhsgt1s8
33,bk6sawaf
33,rc3ymu9d
33,aotexfs9
33,bdoavpsb
33,gka6f34c
33,nyd1fhta
33,68sbqdi3
33,qu7ddcw9
33,6n0n5l4f
33,t13zgiez
33,640sw4pb
33,t1xjy12y
33,gql5xgod
33,7i52vltp
33,ldwx1wyc
33,yb5kf0u2
33,um3fa49r
33,0tsys7vu
33,kzj263xj
33,wniydnsd
33,ri91u0f1
33,9fnghyn4
33,xjg2e8be
33,7q6xi2xx
33,wtjlqhv4
33,ilfh0ds7
33,7zr1118b
33,9k2h57q3
33,kuuyvf90
33,vyeescn8
33,df36w6l7
33,hq4jb2wy
33,dcg6ui9d
33,xbze5s3c
33,i7oi7mfi
33,ydq687u6
33,o05yp746
33,hx9sv1k1
33,bht3pc5f
34,gd5btv69
34,8qrl65hj
34,gc5dfxh1
34,rul25y70
34,yqjkqvkj
34,bzc7luwj
34,x1up9nvp
34,b999y89f
34,0999t5x0
34,i1wkv6bq
34,gw5d721n
34,eqd0uget
34,i25su8kc
34,47ltwfp8
34,7icw3be3
34,8p9d1c9k
34,gfzobzrg
34,e1t3qcw7
34,o44ewpfy
34,n8e2n30b
34,hf2m7imf
34,rge5wxka
34,hrdfyd8h
34,01yzk0au
34,3cr5x88g
34,x7rzvmcr
34,8yjdeyog
34,06uy54qy
34,t2np6qa5
34,i9uhpu34
34,qzt5vwge
34,vt55973n
34,stnva6pv
34,yoy3hj3j
34,0i404d1x
34,4tk45lw6
34,4n2xmx2w
34,orko04fi
34,tptuwi53
34,aih5p56i
34,w1v1efq7
34,hl225efn
34,mbbnk3la
34,gdxvbspx
34,yx4g1l6d
34,tz3g0aln
34,4989atst
34,eujbxdqi
34,hrdfyd8h
34,bxwcixd7
34,igw288oj
34,kqgzk3yn
34,6f8la6sw
34,utlc01i5
34,m8lrc4c0
34,tbrfwpqa
34,0ec1cu8q
34,x1qlirrb
34,xkg0ylz8
34,ln8ddyuj
34,xbxuaw57
34,4pg0kamv
34,984njdv7
34,ab1lji1o
34,mez1k8t0
34,ezf9b2vn
34,45xycxxd
34,ey07rmgc
34,qsy2kex1
34,lbt57ccs
34,13akn7dm
34,zct5b5ad
34,4i1djfn9
34,v3qgqfwr
34,nmpppztq
34,kxbw44cy
34,ubhntliy
34,1aal6njl
34,o6zvlol6
34,dc25smhn
34,z98g08y5
34,dk3yn65n
34,ekbi2fg9
34,dthdszdn
34,o349msnm
34,dumf55yg
34,i8kwhhwt
34,rtcan64h
34,5lhvix51
34,uiw9auzx
34,0kthumgi
34,zm7mdwvd
34,o1evnvw6
34,xjn65djg
34,itu39mln
34,aw4zo128
34,mfaza5rg
34,0psmu7kx
34,w996v6od
34,8hvv7gsm
35,tprgbl51
35,czvyk0rk
35,blv0wesk
35,q856rx6b
35,csokkcqq
35,wi6n6wo8
35,8ww7wo1w
35,5q7uwhg0
35,1g2mup0k
35,1g2mup0k
35,vsl94lhz
35,4ki951ls
35,dt0r4hag
35,fdegtxr2
35,euj8w8z8
35,k31dagdy
35,oid5bok9
35,xsoi4ewh
35,keaxietu
35,rndc2v2b
35,21fhsooy
35,24xef6ay
35,owqq0lev
35,af73nhru
35,d0u4x024
35,byr1qy54
35,rwgv0973
35,yfzod931
35,z0bkpmpk
35,hn37wkhf
35,uxuvt0cd
35,wbhji81g
35,lysvg3vw
35,11emhen6
35,op4z052p
35,bb4h255w
35,le7u62ip
35,71njvx7l
35,8t35z4gl
35,xxuqmgqd
35,rql9fjug
35,uvavdk6n
35,6xkm2j0f
35,u8zlc3n2
35,ij8ic2v5
35,tvmytgda
35,6n8ozd36
35,2sccla3m
35,53difq15
35,o7v0ndud
35,cqy8pshz
35,rj6te7fz
35,j40zj4al
35,p6075gva
35,rql9fjug
35,as74qa0l
35,zzmfhr2s
35,o8b1rtux
35,zp4oddrt
35,7g6qr73e
35,l63z3btv
35,5uyvn546
35,0is1vyhy
35,zrqp24gb
35,ogfwlr4m
35,0ovqebrn
35,6fh69mk4
35,xgpxa84g
35,1g2mup0k
35,1vhxcbx7
35,v0yzur5h
35,5o12mbut
35,copun4j6
35,qtrquuvv
35,25mu0mo9
35,g9cccwo1
35,4uvezfqm
35,s7t3y30h
35,1s0hhx71
35,qrzt4zva
35,8vl0okiv
35,sd83yt1i
35,wwh08hse
35,0fcavclk
35,hze05jnf
35,faec051u
35,n1e3tfw4
35,st5idleq
35,5n06yw6h
35,mfuoiijk
35,sjrnu3f3
35,lqhainz3
35,53s19r16
35,g4hy767g
35,ff5ex004
35,gmk4qo4i
35,h07a9ku7
35,5lajxlmp
35,bsypo08l
35,kz9782rj
36,34ljq0qt
36,ebbzx8yr
36,4nfxdppt
36,m0w0fl2u
36,h2zpl0qt
36,5xm7cwjz
36,l19nsvun
36,40ejbv5j
36,trlni6iq
36,nhq0oq8y
36,yaow639d
36,5fzwc8ku
36,pm8usc55
36,t0cw7l2a
36,g28eq99t
36,jfq7820g
36,m2cu5iof
36,mrnid1i2
36,wtimex3n
36,7zr1118b
36,w2sbyfy2
36,f03ka7bd
36,ldf7uso2
36,ldf7uso2
36,wku1sd9k
36,erdity4m
36,awyln0kk
36,kifqgskc
36,48ay8yl3
36,v5i2wu5r
36,hmswnrgg
36,bglln1w0
36,i9r77o70
36,vhl5adaw
36,5ftpxlfe
36,t8q99tlq
36,mswmkgl4
36,3h9t0mtj
36,y8mw6sgb
36,jv5wyup8
36,mrzxbbf0
36,z2kgcjtp
36,vf32wxkx
36,19h2i631
36,0qjy90nw
36,ch004jxy
36,ukmkzrkx
36,hc0ma2cq
36,9w3ap3gz
36,3g67hjk8
36,rrqevyj4
36,mvmczbnk
36,ws3tvbtv
36,68w6fzhn
36,wn9ggdes
36,bzvaqu08
36,6nd9fmz3
36,lotyldfd
36,96v185b2
36,2o8u4eny
36,f3dsu36p
36,cihu2syv
36,26pcjts9
36,vembiw2k
36,w1q2561c
36,pkxc2219
36,cil5czqp
36,azgphocv
36,orm0g632
36,y2ral8nx
36,tnkqitn3
36,lob26ih1
36,gz38qibg
36,ei3kkp30
36,2b5hue2r
36,qierdb0y
36,me5ff1pb
36,vp96izcs
36,wynyrumi
36,cvp10nx0
36,cr22vp8b
36,aoti88v7
36,094lgjnn
36,mcsdem7y
36,khl418zw
36,klb8oe9q
36,rmmp3gms
36,rwlpkf7n
36,1h9ewx5j
36,mo7734w5
36,iudsk7ac
36,5wjik52o
36,xvfl7ycj
36,8pod36pz
36,wg9i32ob
36,nwt06fpg
36,ro13l390
36,oit6bwzy
36,1n0qw2a5
36,efqt3tw2
37,agox0lbq
37,wim5q9a5
37,o6rr66kc
37,48ul34xo
37,kx7ybq42
37,t5ar9pp0
37,h8abjsxr
37,8cbws7lw
37,g8xlhk99
37,p9s0ywtw
37,hze05jnf
37,yb6if23t
37,re9na58h
37,d0imcmcl
37,9zc0oa32
37,7ks077au
37,pov7oi1l
37,8vl0okiv
37,qwamjg83
37,22rq5xfu
37,tutit2bc
37,xnamt7q4
37,bawgldfi
37,t8q99tlq
37,7fvuyim8
37,2kbi9drl
37,arp07mck
37,gygi11gk
37,wg86ws3b
37,vj86lgri
37,i758v1vb
37,bmwgq7py
37,zaxjj9q7
37,5mh3ds6y
37,yaspd6l7
37,s9gje0pz
37,rwsfw1ei
37,fw4pmaoc
37,ax6v6ham
37,79uxm3bg
37,wkg4x6tg
37,jujrazsr
37,sw34iotp
37,eigbfdh4
37,ulygq434
37,kzavc4ez
37,khl418zw
37,8ozjpov2
37,bsypo08l
37,r3t4bd78
37,ps41j4g3
37,hh8s2jq3
37,j99cgsjt
37,1fxrmuzl
37,vk8s1f23
37,0nh58odf
37,005b2j4b
37,4zbt0oud
37,eqwxkwqa
37,1vhxcbx7
37,blqzi69t
37,fnj57b0l
37,im8iuxgg
37,6tx5mses
37,d1mxoche
37,h6s3kx92
37,vhb280gz
37,ere58jal
37,16swzibp
37,lhh06yvj
37,szg12wfa
37,zzi2xv3p
37,er4d14xn
37,3n37dlt4
37,tjmx6msm
37,ibhd4dsa
37,f6fzvreq
37,5h7qyn1g
37,yc0fbuxl
37,vjfquvlu
37,ukuia48s
37,fvirvpyl
37,gv5wby7k
37,rvr86c6c
37,zknmfgsh
37,gy78e87y
37,fofr17c8
37,d5qzzvy3
37,8dc7andx
37,dqxfcwyu
37,wesrv44a
37,41ogljo8
37,iowyb7xs
37,8oz6bgz4
37,127c5bve
37,f4xpvnot
37,tj4deqfw
37,xc2nkq7o
37,6yh82e1w
37,wt8zfqk0
38,2eq49d1r
38,uxehz43v
38,mp79b65x
38,ve056tx6
38,iaatjew2
38,44vpx2jc
38,fqlv35vo
38,on1nclkj
38,t64w99w0
38,dctx9c7w
38,7dup5ztj
38,2dlwhncc
38,4gze6w35
38,v44s8flj
38,zra8fixl
38,ydudg54t
38,qvguvc3j
38,0daf0i75
38,qn89o0d3
38,qlv0jttw
38,3ngrtmb0
38,xyed23zn
38,zm8hpuer
38,7ivw72l0
38,ozjl5q85
38,00gotrnv
38,y8oyg27b
38,8yr2fuu0
38,pobmam24
38,5igf77tk
38,b0u07692
38,qxl14j2m
38,baixby0r
38,z3nb4h3r
38,iqx0rxun
38,pcekcvwr
38,ezs6z0rl
38,2h3b87lo
38,fnb0ywka
38,w577p3cm
38,8mvx2q2z
38,2705en59
38,zwftmuj3
38,ub7s6yz6
38,rul25y70
38,yqjkqvkj
38,4gze6w35
38,3fp46sov
38,6e7pvmxl
38,3d0olw0t
38,3g06zxmx
38,f1p75rw5
38,ebwh10se
38,qu2f56p2
38,8dvj6xti
38,fczf3lzc
38,rkhrusdc
38,kdy2ie6u
38,za3qypgg
38,gn34m0hb
38,08p8ns2d
38,ap2l96t4
38,jcezc9ue
38,uzfzopz5
38,2fr4kpp6
38,svvfeaxs
38,3p2cuxk0
38,g5rf10n5
38,68y733y3
38,o7r7a56v
38,ei1fy7i5
38,56u94l95
38,lxktemrt
38,m0omw4xf
38,in91dr4g
38,dazc5xe2
38,2wq94ons
38,tptuwi53
38,vt55973n
38,de4dhv4b
38,63gq2wu1
38,6r6qs4pp
38,aczv6w9n
38,60yn4hg7
38,s609qcc5
38,for4i24k
38,4m0ckihz
38,34wm7wpi
38,29h189tx
38,8ek694p3
38,hkg6e0gl
38,5886v3rh
38,6kydscp6
38,jov2pj6l
38,7o01f7hk
38,kjjbrqin
38,rcdoewwv
38,ndth5zne
38,e9mepqvn
38,3d04p4xp
39,44vpx2jc
39,fqlv35vo
39,iaatjew2
39,3d04p4xp
39,urr5iuy2
39,6io0zd0z
39,9408n63a
39,xr0wx0fu
39,k1yzej05
39,1yof2mtj
39,nqprluto
39,o6c8ic14
39,s0k7basv
39,5bmdzgla
39,3bo4md44
39,hc9vrc6r
39,55n9crpk
39,tywy3t0y
39,9321dl89
39,dii5vezc
39,e644ptr3
39,58fdslw4
39,5dgnj11a
39,fw8z6sqi
39,b1bkd0t8
39,uxuvirv7
39,0pleiv0k
39,44babp7t
39,hrsnr60j
39,2skjqwis
39,dd836h0r
39,zlahteai
39,jxutbxso
39,921orhjg
39,8tfg0t6l
39,1b1myc1c
39,hwfr5v1i
39,1kv12oj0
39,m6cub4sx
39,ccitfd16
39,7pjkdp0h
39,6gwnhkn4
39,uzfpv5rd
39,6fmzx1zi
39,12s1nyop
39,3g06zxmx
39,9lv4xw2d
39,ph3z1ha4
39,gvq24eyp
39,l1rt34lb
39,jrh7bta5
39,ex9nh1yi
39,insu3eav
39,3pv55zp1
39,i95dnfw3
39,26u77dwr
39,on1nclkj
39,t64w99w0
39,kfsmdcpx
39,dn41mqmb
39,s3p14wnd
39,vx9vqr1k
39,v44s8flj
39,d4h49d8b
39,qlv0jttw
39,5gcd4tom
39,ejn6ckxx
39,pa0uuwty
39,44ik4p7v
39,dfnjtyb1
39,ndth5zne
39,9hoksa86
39,fczf3lzc
39,r7yyffgt
39,2fr4kpp6
39,svvfeaxs
39,xyed23zn
39,zm8hpuer
39,y26r9g3m
39,5pv7kw6i
39,gn34m0hb
39,ap2l96t4
39,7ivw72l0
39,cj5r3xt1
39,iqx0rxun
39,2705en59
39,50dmclk4
39,s5q6pxhh
39,886xc1n3
39,363ivs67
39,v1pjv93r
39,c9qbnonk
39,ec6mwo5s
39,qn89o0d3
39,e4aqm1nl
39,b0u07692
39,qxl14j2m
39,34slyg9x
39,2kdmsxho
39,yfoipwuv
40,1vhxcbx7
40,3pribklz
40,miujzgtd
40,tylwbnpl
40,jupjha9l
40,bsypo08l
40,uqykia6i
40,tldg8c94
40,su5tlg3l
40,8l7hrany
40,pw6jg65l
40,unvabosp
40,zmqaigqf
40,8vin8g9z
40,86byq11c
40,ehprox1q
40,5mh3ds6y
40,ulygq434
40,fwdpzv85
40,uklbt8ge
40,bawgldfi
40,jujrazsr
40,m6f3soiz
40,c4q5gtw2
40,sbsoe5ia
40,6n4updwi
40,3eu9umx5
40,yqfx56y5
40,gs7infqj
40,yc0fbuxl
40,vjfquvlu
40,pljeao4b
40,cf03mliq
40,zwuozd2u
40,nazl2e97
40,594qzvsk
40,lj8t52yl
40,x14kaobj
40,78gc7w01
40,8r6u3e3i
40,xkoqgxrl
40,k90of0me
40,ow2aijmj
40,fw4pmaoc
40,3h1o0oz3
40,8eian8tz
40,v7qzr5q9
40,awi7bnsc
40,0nh58odf
40,06vlesc7
40,gdxfyplo
40,ywhu66o7
40,z94utwbk
40,ppphr5j4
40,9uro5rki
40,0gmtnkbh
40,u6ewlh16
40,ttte21up
40,h1aiuc6m
40,73b58lcm
40,rsp9x9ve
40,4s00a1x2
40,1dtvzdtt
40,covwyddp
40,4hmecfi0
40,5h7qyn1g
40,c84licip
40,cyijutq7
40,amzmyqys
40,tutit2bc
40,qiuf2okb
40,rcv8sh22
40,penzacou
40,vu9b8w7o
40,blqzi69t
40,06e3vxu9
40,jmrg4oeb
40,rloey02j
40,d0eynz67
40,jxm69ndw
40,jpyqw6bn
40,u2n10ebx
40,t8q99tlq
40,r3t4bd78
40,tjmx6msm
40,hvwa95hz
40,zguy9ba7
40,87d7gzgb
40,ps41j4g3
40,nuqx3tv6
40,sw34iotp
40,eigbfdh4
40,1a4l1beo
40,qvz63m93
40,xetzg7gp
40,kx7ybq42
40,j99cgsjt
40,fpj5urao
40,h8abjsxr
40,f0z8gcws
